axis,index,median_resid
row,0,-0.06176366423278479
row,1,0.14273101766679908
row,2,0.058970647401223264
row,3,-0.07995273039421535
row,4,0.14556264761411253
row,5,-0.05509572859678524
row,6,0.03567448506763515
row,7,0.159506732957587
row,8,0.08621169308340537
row,9,0.12081160027041804
row,10,0.22110474355251775
row,11,0.21602818137197755
row,12,0.09697315167202225
row,13,-0.04233984222492637
row,14,-0.02762416147234159
row,15,-0.017928396703664085
row,16,0.11688695311139696
row,17,0.04960599195465143
row,18,-0.03418605736563807
row,19,-0.04568083006786772
row,20,0.05407696360486769
row,21,-0.055523888982296654
row,22,0.038853998677200074
row,23,0.0938575116130771
row,24,0.11496175570929124
row,25,0.16463109979237212
row,26,0.07468265269257834
row,27,0.011095629107533256
row,28,-0.09201840604154166
row,29,0.11689276165440621
row,30,-0.12000104516488008
row,31,0.07043101544009822
row,32,0.07039486625546543
row,33,-0.13953195345271885
row,34,0.08349999900088534
row,35,-0.0058712912829772534
row,36,-0.0003588947808470522
row,37,0.11562118259971399
row,38,0.11084809113187077
row,39,-0.015155771331825107
row,40,0.07605464716259469
row,41,0.031244086118086045
row,42,-0.01665314327329437
row,43,0.13758570532907655
row,44,0.023571816880072483
row,45,0.2249828729425838
row,46,0.21961189829345162
row,47,0.04734494367097142
row,48,0.06715294094820834
row,49,-0.08086903901095344
row,50,0.027840107060118413
row,51,0.006750456775158842
row,52,-0.04520303864967312
row,53,0.027741662699679814
row,54,-0.1542301001421018
row,55,0.08934492223730128
row,56,0.0459233381053199
row,57,0.16643706947068138
row,58,0.13137563624403814
row,59,-0.06811747322563244
row,60,0.035047883374744515
row,61,-0.07328259625190059
row,62,0.16221093684232368
row,63,0.17824839522236458
row,64,0.06255144422279191
row,65,0.16302981215201306
row,66,0.08911554374821051
row,67,0.18380341762167207
row,68,0.14657276891278626
row,69,0.09439843363931644
row,70,-0.12084065081282747
row,71,-0.10546653476769396
row,72,-0.014759303943674862
row,73,-0.18178610105556148
row,74,-0.066508737225905
row,75,0.2013365308772852
row,76,0.07263245363784598
row,77,0.028811180300461814
row,78,0.15528685729413816
row,79,-0.12050956697036108
row,80,0.08373459528226768
row,81,0.07887984440293039
row,82,0.06471641191400845
row,83,0.06151168120110739
row,84,-0.017581721351169755
row,85,0.01804084286197849
row,86,-0.07740581027564453
row,87,0.016408906812463098
row,88,0.011273778559511172
row,89,0.04517387789390259
row,90,0.05252781306363863
row,91,0.11175623486698649
row,92,0.118537893675291
row,93,0.06044988226217285
row,94,0.004395386331271567
row,95,-0.08269756739803391
row,96,-0.08802392166812645
row,97,0.06172068053019997
row,98,-0.06671977838853316
row,99,0.21987317028927444
row,100,0.09957830034021953
row,101,0.18694637747821652
row,102,-0.0023078106059766235
row,103,0.16840423332151389
row,104,0.08211616449699877
row,105,0.1592656824593135
row,106,-0.10895411471024552
row,107,0.07294198252076356
row,108,-0.0994265359546187
row,109,0.12790635145581497
row,110,0.14138130809973815
row,111,0.09424753948030684
row,112,-0.0034182726947968867
row,113,0.08985671842865228
row,114,-0.019122275955241186
row,115,0.04324303162736953
row,116,-0.08003807928081663
row,117,0.1035498655584397
row,118,0.10368433255537735
row,119,0.12475374849686705
row,120,0.05014731940659711
row,121,0.07211930624365204
row,122,-0.051880898383497964
row,123,-0.020462625823201464
row,124,-0.11558352583376585
row,125,0.01646400721873542
row,126,-0.10356103336822642
row,127,0.0181263869249797
row,128,-0.03538366698262241
row,129,0.02268860137561468
row,130,-0.03138014072542905
row,131,0.025022620980857724
row,132,0.04481066442584147
row,133,0.058278221491777416
row,134,0.10533304337617899
row,135,0.08144533715953806
row,136,0.22229654251353814
row,137,0.26034298074578155
row,138,0.024383603848525226
row,139,0.2296402381736682
row,140,0.1079493720060225
row,141,-0.023625008876774878
row,142,0.07536982346400745
row,143,0.005792534393704862
row,144,-0.05701226708739249
row,145,0.10811820150280038
row,146,0.21392461230318638
row,147,-0.07379072253786134
row,148,0.14615755052302815
row,149,0.1110422561374711
row,150,0.06817416991620373
row,151,0.15830425348626953
row,152,0.1133797443323914
row,153,0.005392998161425133
row,154,-0.1324456687999156
row,155,0.01891860728162431
row,156,0.02736517118376991
row,157,-0.0779435709491687
row,158,0.017679595684065852
row,159,-0.11305757324447363
row,160,0.005223273049111743
row,161,0.24360154610000428
row,162,0.013033567597226181
row,163,0.13757759457979368
row,164,0.1799375043148923
row,165,-0.08266691862371367
row,166,0.04039666631318717
row,167,0.0028680081629262055
row,168,-0.036877449463209366
row,169,-0.0552473917341878
row,170,-0.19914647828187348
row,171,-0.10281414639951203
row,172,-0.17171732236271842
row,173,0.1723477025952853
row,174,0.16050852605056853
row,175,0.03768943592088103
row,176,0.017752601848284755
row,177,0.12752003785425803
row,178,0.11840255341202921
row,179,0.09053714889232456
row,180,0.1590753462785388
row,181,0.062285565593476644
row,182,0.18228975434316164
row,183,0.21843353953363476
row,184,0.16582411935695385
row,185,-0.11986152231575709
row,186,0.08696981075918231
row,187,-0.010911024642403788
row,188,-0.2704446263599021
row,189,-0.1688258939236018
row,190,0.046906205615409924
row,191,-0.01132445946575622
row,192,0.20511012313730248
row,193,0.06942523934606326
row,194,0.11019988271826975
row,195,0.025593460124864187
row,196,0.1882556797225412
row,197,0.05196445980432074
row,198,-0.031485336465453706
row,199,0.05044686444695712
row,200,-0.06142390545518017
row,201,-0.0220767971837188
row,202,-0.07512691934027504
row,203,-0.10733919690007498
row,204,0.14918204443134275
row,205,0.0834007322388528
row,206,0.10831247983737358
row,207,0.13370017456878536
row,208,0.08669918530911591
row,209,0.05392783562254433
row,210,0.10987039760651385
row,211,-0.01593949197587552
row,212,0.08137852397168555
row,213,0.15541815445638862
row,214,-0.0143165541394783
row,215,0.05529423954130186
row,216,0.05547582134022466
row,217,-0.12819665608097264
row,218,0.13552344008089223
row,219,-0.12398379548033134
row,220,0.17944648719663903
row,221,-0.01833954823704076
row,222,0.10543720658672662
row,223,0.019747334740467082
row,224,0.010866217949079271
row,225,0.23843841702629298
row,226,0.11216781800875841
row,227,0.022216861527617482
row,228,0.12702450204729931
row,229,0.01719556223615104
row,230,0.12578374403905945
row,231,0.010554211788748713
row,232,-0.05124345734037572
row,233,0.19405362590925002
row,234,0.0814707141369655
row,235,0.08818009841855412
row,236,0.07551701205178496
row,237,-0.08959896012702417
row,238,-0.06646104013442944
row,239,0.20532074453706883
row,240,0.1451098853127304
row,241,0.07915632425365215
row,242,0.15447636052107505
row,243,0.017276098099480386
row,244,0.41390373505427824
row,245,0.03242982227282809
row,246,-0.07470802061057569
row,247,0.01078223161736691
row,248,-0.0888088591608156
row,249,0.17378591006280697
row,250,0.2093373173580435
row,251,0.011243123212894002
row,252,0.35577897189712715
row,253,-0.21722731565993758
row,254,-0.1590369242739773
row,255,-0.006926647111309858
row,256,0.08306818440042285
row,257,-0.04569418657728086
row,258,-0.02492663943532758
row,259,0.24138909909680084
row,260,0.1843857203954613
row,261,0.13550324747968956
row,262,0.20890549265579983
row,263,0.014938699421002788
row,264,-0.0594886478743355
row,265,0.13389239610317638
row,266,-0.13150168968320397
row,267,-0.006590722622376255
row,268,0.02332987377964013
row,269,0.11919302592619996
row,270,-0.07041483392865988
row,271,0.30883760653639225
row,272,0.010966360785245932
row,273,0.07690181229127635
row,274,0.06613717937396846
row,275,0.13035361095867604
row,276,0.06350966115846024
row,277,-0.0008208293773179776
row,278,0.07347333313541515
row,279,0.004688315273786436
row,280,-0.022703236794451964
row,281,0.0176366581656624
row,282,0.06475678309788124
row,283,-0.041937635835145315
row,284,0.1605136736295516
row,285,0.15175517521606796
row,286,0.05437495957971272
row,287,-0.12090112458488944
row,288,0.09546824736737713
row,289,0.0420791744294684
row,290,-0.07595810925948498
row,291,0.09090624823395776
row,292,0.17309431836768585
row,293,0.050407739300476706
row,294,0.13101587783718616
row,295,0.15734056089322568
row,296,0.00569636746193769
row,297,0.13736850462132288
row,298,0.07048411001623212
row,299,0.16472496905705514
row,300,0.26562188177571766
row,301,0.018911880975259976
row,302,0.13033531219394634
row,303,-0.11940099772575641
row,304,-0.2714227025233571
row,305,-0.10124779837530307
row,306,0.12361066356514705
row,307,-0.14739487833203135
row,308,0.06377938500101665
row,309,0.26587787834926946
row,310,0.0986689669094778
row,311,0.2117871184784499
row,312,0.0066968727597824795
row,313,0.11378455218847972
row,314,0.06596965704742352
row,315,0.15128077732682366
row,316,-0.004105056293447262
row,317,0.15850927342896926
row,318,0.04555040059736459
row,319,-0.17183694555480944
row,320,0.07049984675812926
row,321,0.26229497508171384
row,322,0.12173501900166617
row,323,0.2123335680035936
row,324,0.15813876307106423
row,325,0.027916603084724212
row,326,0.1599995926758062
row,327,0.15837877281196544
row,328,-0.06890660923401626
row,329,0.07531968811162182
row,330,0.10389043637588058
row,331,-0.0006117868249493341
row,332,0.09560126922654089
row,333,0.012456063904127568
row,334,-0.03469091146583514
row,335,0.0691585640306065
row,336,-0.2541444727886555
row,337,0.07435977640107172
row,338,0.23394031589228526
row,339,0.45346157957238153
row,340,-0.021675053348068296
row,341,0.0373076710736191
row,342,-0.09493689594116272
row,343,0.0818652755056073
row,344,0.0816720516749303
row,345,-0.02215265691464019
row,346,0.12076718864588365
row,347,0.30656277661371867
row,348,0.0894381548342631
row,349,0.1867409430427278
row,350,0.03340315885744616
row,351,0.4033081946000605
row,352,-0.1767780766965168
row,353,0.08121081053288126
row,354,0.049279765201654335
row,355,0.18153696038077705
row,356,0.006841584767811604
row,357,0.13241017713704162
row,358,-0.09222132304787811
row,359,0.18637828373689436
row,360,-0.012313346777079293
row,361,-0.04235113113141997
row,362,0.17394097444800138
row,363,0.1406105909399411
row,364,0.14172489133006128
row,365,0.1340890930367955
row,366,-0.08070355950083385
row,367,0.019400066496826796
row,368,0.07323042989119877
row,369,0.11002388991909573
row,370,0.23701780866925937
row,371,0.17968266517705
row,372,0.07551911674738765
row,373,0.19450885746059754
row,374,0.08607909591395835
row,375,0.2397465601361244
row,376,-0.07625214732971575
row,377,-0.000711043516349541
row,378,-0.0634833723668109
row,379,0.16847883358414428
row,380,0.08347457743586695
row,381,0.05376569624518668
row,382,0.11996481287913863
row,383,0.1162785237635493
row,384,0.1206403416313977
row,385,-0.023297729774879095
row,386,0.16041311640561995
row,387,0.22934492707192744
row,388,0.1573386267812058
row,389,-0.10166377469581311
row,390,0.23410259265369682
row,391,0.08966238843110563
row,392,0.011531061431236722
row,393,0.023313672831802634
row,394,-0.2499976876407004
row,395,-0.0688003360079481
row,396,0.14170073785102266
row,397,0.12268123933148445
row,398,0.07812480625200813
row,399,0.29114238024090966
row,400,-0.08377365792422875
row,401,0.20289607393050968
row,402,0.028431754428863698
row,403,0.2068029533290323
row,404,0.21120989926265477
row,405,0.04915924985412845
row,406,0.057366665026304275
row,407,0.12637223416707588
row,408,0.007490166821686461
row,409,0.13183602293512298
row,410,0.10855926799335114
row,411,0.055283698481744636
row,412,0.17812123274802216
row,413,0.03181284048756261
row,414,0.16814322599464226
row,415,0.0390946900596858
row,416,-0.01111647482268907
row,417,-0.0448728313960256
row,418,-0.19729937237385542
row,419,0.012996601534328356
row,420,0.022538622365175343
row,421,0.1325538202362564
row,422,0.13311529926679988
row,423,0.047696906367694414
row,424,0.09178340363923976
row,425,-0.08800000069794223
row,426,0.0830269270274151
row,427,-0.12140871514383011
row,428,0.09390234732051983
row,429,-0.035718758250051774
row,430,0.1610613321498513
row,431,-0.016505439861020044
row,432,0.2646968735161943
row,433,0.08827803282615587
row,434,0.34674994854047947
row,435,0.07564649215128405
row,436,0.030986314745666377
row,437,0.21215498961597534
row,438,0.06210544625974146
row,439,0.042708256334564876
row,440,-0.09767173568119558
row,441,0.01711342126952653
row,442,0.048152220024275216
row,443,0.05456266943447918
row,444,0.13318741196880968
row,445,0.09544702758894719
row,446,0.07810971429608493
row,447,-0.12097969444113854
row,448,-0.14727360077228369
row,449,0.1337864180337638
row,450,-0.07123846702611392
row,451,0.042341422468815004
row,452,0.14889821413598137
row,453,0.26507573092552317
row,454,0.10518021346339435
row,455,0.12552627234468172
row,456,0.027712988280054418
row,457,-0.15230664589861576
row,458,0.07488215520073727
row,459,0.03723812101366253
row,460,0.18605603995263964
row,461,0.13044220748209323
row,462,0.0518700485160446
row,463,-0.0623156307346564
row,464,0.004891927684345543
row,465,0.09447852015177194
row,466,0.14262022601033486
row,467,0.016400772442339395
row,468,0.02007181686254844
row,469,0.13603468439893174
row,470,-0.04604383139903945
row,471,0.02691167181674059
row,472,0.09701967406617396
row,473,0.21139082962749
row,474,-0.03356064774053946
row,475,0.024769952917373494
row,476,0.0303790529133261
row,477,0.15492531387266695
row,478,0.01902473903324431
row,479,0.024777403296261102
row,480,0.12731283937940097
row,481,0.1463960455240061
row,482,0.01595571590844802
row,483,0.14239098381907578
row,484,0.19205678734823284
row,485,0.13474997284022638
row,486,0.004193716107803169
row,487,0.06192127669146785
row,488,0.024263877874678652
row,489,0.03412002209396814
row,490,0.08290379645953294
row,491,0.3418459273821064
row,492,0.09433403793371564
row,493,-0.04642857382433618
row,494,0.19366054882770545
row,495,-0.02882365882622029
row,496,0.0035640622524204524
row,497,-0.1770940136945498
row,498,0.023731763254232874
row,499,0.12579968796027519
row,500,-0.03868865613518313
row,501,0.039859021494565994
row,502,0.14549494090896964
row,503,-0.0040292491766553695
row,504,0.061819649390361775
row,505,0.006185795657927429
row,506,0.03775129956963408
row,507,0.00721560314784675
row,508,-0.09157723500347714
row,509,-0.017248920208256635
row,510,0.13783800216110276
row,511,0.17530507641142945
row,512,0.15140598054220433
row,513,0.004230177933772783
row,514,0.020065296034303515
row,515,0.0935966437526421
row,516,0.03481033841339087
row,517,-0.11279935867436874
row,518,0.17988403583826384
row,519,0.061683989508904524
row,520,0.10078233822678095
row,521,-0.06802295774701461
row,522,0.12651262374525274
row,523,-0.1730069545263504
row,524,0.13642286606885623
row,525,0.11565173967096598
row,526,-0.05784909644202951
row,527,-0.05026939312076806
row,528,0.024325975707450986
row,529,-0.17780718411494423
row,530,0.1582681607136287
row,531,0.01267769307973765
row,532,0.14831258200827957
row,533,0.17587463698390549
row,534,0.33290150049439493
row,535,0.14120328501874102
row,536,0.2247654703957198
row,537,-0.015678581388349322
row,538,0.012956903520576546
row,539,0.15630997546591718
row,540,-0.08229760472364678
row,541,0.15063926449879705
row,542,0.13897292702313901
row,543,0.030576399033332535
row,544,0.026460912931238312
row,545,0.03176132810793941
row,546,0.03274803501095347
row,547,0.1382101020195634
row,548,0.14481702267094532
row,549,-0.1241317991311055
row,550,-0.06416043453015252
row,551,-0.04043608777434038
row,552,0.12517061068678803
row,553,-0.0964809001568474
row,554,0.23885191869001776
row,555,-0.01986967144747176
row,556,0.009155164487941292
row,557,0.030753771571724098
row,558,0.028912589797221777
row,559,0.0095981970888106
row,560,0.06457686470243784
row,561,0.09205178647252055
row,562,0.0496444474633142
row,563,-0.01882036173155921
row,564,0.07581782113440205
row,565,0.11376946268923849
row,566,0.13841582433914024
row,567,0.2829532152948957
row,568,0.18445615186478914
row,569,0.004820667380083243
row,570,-0.11592249962949897
row,571,0.036990725695115856
row,572,0.05563435284159102
row,573,-0.056803409969269136
row,574,-0.07355029398448876
row,575,0.03297543474750242
row,576,-0.0459168848704099
row,577,0.1141640155554926
row,578,-0.04973916152358537
row,579,0.011364583560997232
row,580,0.038028364303987594
row,581,0.272580838695597
row,582,0.06616733264631103
row,583,-0.049392578103855556
row,584,0.20892343666132174
row,585,0.12087796094958314
row,586,0.028881701777195623
row,587,0.13725190349403604
row,588,0.048372880015215
row,589,0.2263895283055124
row,590,0.04748769054144919
row,591,0.07185346909052281
row,592,-0.03800152281983138
row,593,0.16900034583884072
row,594,0.15989005918913923
row,595,-0.01833528215818081
row,596,-0.18383291753721753
row,597,-0.01576082572711357
row,598,0.051885564414532404
row,599,-0.12143409122546878
row,600,-0.04569058618263622
row,601,-0.018870124750240524
row,602,-0.08869913375182303
row,603,0.15352031370695318
row,604,0.1241657237224203
row,605,-0.14824113659278737
row,606,0.2308089990172113
row,607,-0.037377684694875235
row,608,0.07587103884350732
row,609,0.1454626582572427
row,610,0.13988301328359043
row,611,0.19827630175045652
row,612,0.0913688456503019
row,613,0.02832215844086594
row,614,0.03727666302939525
row,615,0.20962189421149136
row,616,-0.03009358478016466
row,617,-0.18404687319424617
row,618,0.20202208433089286
row,619,0.3302665118642154
row,620,0.10159255339380735
row,621,0.16515039585435343
row,622,0.12440525794074775
row,623,-0.015493543879690819
row,624,0.20732422961254748
row,625,-0.13368964470734568
row,626,0.11984325613135471
row,627,-0.11160905157226342
row,628,-0.0649410484570665
row,629,-0.07678303734223668
row,630,0.008327915445910605
row,631,0.19970877004664533
row,632,0.19300926538273755
row,633,0.07167570853691085
row,634,-0.023607552225220374
row,635,0.008154518417038847
row,636,-0.012368328500019565
row,637,0.018101174601594217
row,638,-0.18007546619902737
row,639,-0.06001178567228749
row,640,-0.04612330724180502
row,641,-0.0665559330148282
row,642,0.031298976232266185
row,643,-0.12689642809044654
row,644,0.10092318751351925
row,645,0.06476144818031626
row,646,-0.06158602247121525
row,647,-0.0833341485883583
row,648,0.2121434413655452
row,649,0.26129204276801765
row,650,0.2110715204808571
row,651,0.027055646090610175
row,652,0.08437453022881991
row,653,-0.0855843002816421
row,654,0.11935076629112329
row,655,0.12874871848560066
row,656,0.19433788548096542
row,657,0.11466925402276296
row,658,-0.022769833108791104
row,659,-0.11359916751520505
row,660,0.1331347067738604
row,661,0.1639622151742408
row,662,0.19912153340953997
row,663,0.10754818899228091
row,664,0.04201901268342789
row,665,0.04223384918683859
row,666,-0.027919742970639483
row,667,0.13085109173969478
row,668,-0.15908974679796506
row,669,-0.007166757116737088
row,670,0.37901521263373805
row,671,0.13141500413573493
row,672,-0.08445510008158141
row,673,-0.049422791188828974
row,674,0.015247194931081953
row,675,-0.15813414883587917
row,676,0.05547664994643631
row,677,-0.12360476514001473
row,678,0.1813290774433196
row,679,0.037429320750885786
row,680,0.12344803128808923
row,681,0.1934433598528389
row,682,0.062221947008739065
row,683,0.16158245997049736
row,684,0.037884950221900304
row,685,0.05755310662499635
row,686,0.09559557011374054
row,687,-0.008805742078907386
row,688,-0.13204125644027753
row,689,-0.11807533590459052
row,690,0.05555155714008997
row,691,-0.021375451602997142
row,692,0.2195780099911504
row,693,-0.03664878450884412
row,694,0.14737668251404434
row,695,0.278251106692863
row,696,0.10069567061537654
row,697,0.18986684979526425
row,698,-0.016381017965422462
row,699,0.1997381885030971
row,700,0.1165697606054037
row,701,-0.019000466081284806
row,702,0.012692132795376843
row,703,-0.13032613691630512
row,704,-0.14704085793085842
row,705,0.12106485923606858
row,706,-0.013792485792976095
row,707,-0.01850472766677136
row,708,0.10097563331196202
row,709,0.10032307782166017
row,710,0.30492879774795156
row,711,0.20095555801796117
row,712,0.14694005006090816
row,713,-0.06768537881952152
row,714,0.213511247009337
row,715,0.11710145175224751
row,716,0.10336797988082314
row,717,0.037902191525232
row,718,-0.06701654040169558
row,719,0.043342464474937614
row,720,0.24456138999529653
row,721,0.0745951968678189
row,722,0.1318615025447678
row,723,0.09456163212802071
row,724,0.11535995401446986
row,725,0.06691812975124378
row,726,0.06614557360219386
row,727,-0.03930492010183384
row,728,-0.07586360109895995
row,729,0.002041093461731869
row,730,0.11607309693815893
row,731,-0.07514150548109111
row,732,0.07252377884111638
row,733,0.16432840165917817
row,734,0.030233360777427443
row,735,-0.0352319492671338
row,736,0.049820126347304594
row,737,0.017874364541405896
row,738,0.049836657641736615
row,739,0.03898645682435031
row,740,0.09895593893787513
row,741,0.051213197649286
row,742,-0.03478036451458788
row,743,-0.13274388608224363
row,744,0.10783028096712854
row,745,0.15728736042375502
row,746,0.15311090829128915
row,747,0.11962651065906726
row,748,-0.03645457098439886
row,749,-0.11583770876855803
row,750,-0.0439806322287164
row,751,-0.028217938038570978
row,752,-0.18839017022251037
row,753,-0.2693120869635992
row,754,-0.31996082337767096
row,755,-0.0642518160617307
row,756,-0.09192338524880794
row,757,-0.20788336528822704
row,758,-0.012370320694949921
row,759,-0.10150874844287472
row,760,0.03551309626126642
row,761,-0.19549176575764093
row,762,0.0017237353989312254
row,763,0.04861793901134703
row,764,0.07175388834639129
row,765,-0.14761683497844746
row,766,0.06769012512808636
row,767,-0.23233026538201607
row,768,-0.14468101168506653
row,769,0.026587845860690074
row,770,-0.12779009307533462
row,771,0.049746790138198715
row,772,0.16519096638285546
row,773,-0.06474824978613736
row,774,0.11174844455651423
row,775,0.027776013133832045
row,776,0.16583284114944608
row,777,0.13821017608653285
row,778,0.30954887907598616
row,779,0.2590330496303732
row,780,0.09496028128211709
row,781,0.24775521847306337
row,782,0.19441249491035473
row,783,0.33506664514147033
row,784,0.12552547352209986
row,785,0.18067916860751998
row,786,-0.03351460875032908
row,787,0.021127014931807686
row,788,0.1089078094280973
row,789,0.14402138163807576
row,790,0.10065763578466669
row,791,-0.032784615973127096
row,792,0.16677665326271995
row,793,-0.06006175523628965
row,794,0.1004429893260852
row,795,0.09675903738007996
row,796,0.3514348838034125
row,797,0.21501228993399657
row,798,0.017003106840228766
row,799,-0.03960150540959795
row,800,-0.03921113412177535
row,801,-0.23810622040855378
row,802,-0.1274734368420578
row,803,-0.3582768039656292
row,804,-0.03921425280254276
row,805,-0.2058769440636503
row,806,-0.23174239195652557
col,20,-0.33429654490478367
col,21,-0.18444293324035232
col,22,0.2672453069644001
col,23,0.29210386192453885
col,24,0.3935485451133163
col,25,0.09132743443749636
col,26,-0.0009622231120047786
col,27,-0.19275367476471983
col,28,-0.15885466365910617
col,29,-0.10778358398458732
col,30,-0.10014871461679675
col,31,0.3157064977859738
col,32,0.46819239787791833
col,33,0.25687786533015977
col,34,0.26653084830830487
col,35,0.007941679150613279
col,36,-0.060731541095018216
col,37,0.16989370681518778
col,38,0.07821644132475125
col,39,0.10983669222975045
col,40,0.06692320335953106
col,41,0.1304069209619243
col,42,0.20226054938211746
col,43,0.16071461222250072
col,44,-0.08921189023326814
col,45,0.011275451588998564
col,46,-0.04589362399704555
col,47,-0.022102893689362357
col,48,0.03211018914998043
col,49,0.11573547321349054
col,50,0.2156295874882015
col,51,0.09043491059401898
col,52,0.1790865250421989
col,53,0.07982044860347415
col,54,0.1320357377230792
col,55,0.17548016125110655
col,56,0.21252457440871986
col,57,0.23071371162364862
col,58,0.4218340822115998
col,59,0.06938507805942828
col,60,0.13875882631745418
col,61,-0.03170174001980808
col,62,0.2777641828004258
col,63,0.18243627560605802
col,64,0.18459325120550307
col,65,0.015810546659077218
col,66,0.04866327078281962
col,67,0.06299203598570191
col,68,0.12446593996121758
col,69,-0.049347415103393466
col,70,-0.2048220094778519
col,71,-0.18593131317716072
col,72,-0.19400959219016745
col,73,-0.07982971701482322
col,74,-0.014421648447672464
col,75,0.21731127437962217
col,76,0.09766766810451966
col,77,0.018453240270992488
col,78,0.1758937729447081
col,79,-0.012419846858785277
col,80,0.16022569832107303
col,81,0.30724893207583204
col,82,0.26713352469301554
col,83,0.3055545368693857
col,84,0.1354492363429336
col,85,0.25002690282299067
col,86,0.29380430453046236
col,87,0.2582978382282013
col,88,0.1842055532909539
col,89,0.3780416355520284
col,90,0.38655440579472833
col,91,0.3115607589113436
col,92,0.08496421710746382
col,93,-0.1447567204029312
col,94,-0.6313907091841426
col,95,-0.5508636552940631
col,96,-0.6039515228613515
col,97,-0.32147587700023816
col,98,-0.20894315411922104
col,99,0.08590039161847596
col,100,0.12908660082008616
col,101,0.2473189721234217
col,102,0.17564484205588915
col,103,0.348714889645926
col,104,0.3045550050001804
col,105,0.33731830377706773
col,106,0.13432580188250975
col,107,0.05994247646734685
col,108,0.007929856407899116
col,109,-0.014588992612153184
col,110,0.04642110347705675
col,111,0.0517670364119418
col,112,0.022652642282876112
col,113,0.15272680829648522
col,114,0.2364999018926368
col,115,0.17480131264966392
col,116,0.1956390856833301
col,117,0.2523941452703551
col,118,0.08835445363784533
col,119,0.18342935113200198
col,120,0.1621790604485267
col,121,0.16488480007617712
col,122,0.015178581699511362
col,123,0.0023014023411658258
col,124,-0.0832654083915263
col,125,-0.007728315235718597
col,126,-0.023915738089165473
col,127,0.18605108887874788
col,128,0.12797666496969562
col,129,0.0914961218424537
col,130,0.1238121668219998
col,131,0.029009504774395012
col,132,0.11332497409602738
col,133,-0.018467203313885072
col,134,0.05904713369586467
col,135,0.007577897545082646
col,136,0.12043837080189057
col,137,0.181534473787468
col,138,0.2266900307121933
col,139,0.16864007087698552
col,140,-0.026431946818455287
col,141,-0.0022377104991333496
col,142,-0.02925582971573437
col,143,-0.03190758731581145
col,144,0.060950746240577836
col,145,0.17943471557789525
col,146,0.21627147751738995
col,147,0.16253370808334378
col,148,0.1785281887245178
col,149,0.10045428757469832
col,150,0.16394343452051707
col,151,0.21133323823790295
col,152,0.02517397679416078
col,153,-0.14893705596379636
col,154,-0.19209994998755553
col,155,-0.15706251176708186
col,156,0.006416675340638722
col,157,-0.1069505651058904
col,158,-0.06650774901755963
col,159,-0.006311788919897587
col,160,0.09434527946771087
col,161,0.24315616060131662
col,162,0.15185254039743334
col,163,0.16675442472280988
col,164,0.15590152788389045
col,165,0.042789499147667165
col,166,0.07862847373166915
col,167,0.14172768267631142
col,168,0.024577956422211944
col,169,0.10934691088685167
col,170,-0.058717475553968335
col,171,-0.11771067642311372
col,172,0.1030492874137856
col,173,0.07646346524558201
col,174,0.13027122360388166
col,175,0.20268978109434688
col,176,0.050383764960858723
col,177,0.16175444706817999
col,178,0.01099959438349174
col,179,0.14688146483786646
col,180,0.08864287609654742
col,181,0.24547037124845517
col,182,0.12856140501155222
col,183,0.07851116886623455
col,184,0.22203956655797796
col,185,-0.06565705058552851
col,186,0.10619022001633693
col,187,0.06029412783686183
col,188,-0.09876250648526774
col,189,-0.011892508788527323
col,190,0.07729573007850599
col,191,0.0021825300962770022
col,192,0.09924587490325099
col,193,0.15837324094320415
col,194,0.08250462872703679
col,195,0.19556172263856908
col,196,0.15200174400309052
col,197,0.11970107956134068
col,198,0.10601788493066922
col,199,0.07105242128063605
col,200,0.14199536617221398
col,201,0.051868386961375634
col,202,-0.008653345219261865
col,203,-0.08745602456237656
col,204,0.09381944852390367
col,205,0.08310765658798136
col,206,0.018889816330036613
col,207,-0.011962772620401019
col,208,0.14948138851730475
col,209,-0.0777479596166124
col,210,-0.036690004573805446
col,211,-0.0709533749970368
col,212,-0.05217987918165701
col,213,-0.015114768162349801
col,214,0.08655653633002958
col,215,0.09078952878707813
col,216,0.04763758380390559
col,217,0.07986276171439011
col,218,0.060230863848629745
col,219,0.10746216731779157
col,220,0.18843501259607098
col,221,0.051712037505027286
col,222,0.07505318036394915
col,223,0.13172370651471788
col,224,0.08946944985976257
col,225,0.1987789351650986
col,226,0.029092540658156807
col,227,0.11552400969372467
col,228,0.1514889869580509
col,229,0.08042371849869312
col,230,0.13385959194015618
col,231,-0.022201964028479626
col,232,0.029371175050714626
col,233,0.3781777421768826
col,234,0.022407921022954636
col,235,-0.03484405303102189
col,236,0.0889103849859949
col,237,-0.07052185558581225
col,238,0.04375178571038507
col,239,0.05932733367306042
col,240,0.09398788360303367
col,241,0.16420343737766885
col,242,0.11111583632004329
col,243,0.03277909604483842
col,244,0.21707637960789983
col,245,0.05462940556323215
col,246,-0.23491918903059794
col,247,-0.07464997354273528
col,248,-0.006279926194786789
col,249,0.13596127000102598
col,250,0.12982074443709735
col,251,0.038065845576627844
col,252,0.1565677412767288
col,253,-0.032849310078882255
col,254,-0.020658027408190005
col,255,0.10679159073080502
col,256,0.05327396504458992
col,257,0.08698993583487624
col,258,-0.03016836823992719
col,259,0.21321299725699783
col,260,0.17163428366081845
col,261,0.08768482779083975
col,262,0.13279428223354373
col,263,0.03890221055082854
col,264,-0.03970636682463624
col,265,0.16677725216836103
col,266,0.008024508828188281
col,267,0.11416494447651093
col,268,0.2232349186927256
col,269,0.16132988451485097
col,270,0.10782195027371966
col,271,0.21661807427185487
col,272,0.09421432859117118
col,273,0.014267338134209329
col,274,0.07189791408564083
col,275,0.065183849788085
col,276,0.061899651139834866
col,277,0.0163091088178966
col,278,0.0900393487001594
col,279,-0.010133178560185474
col,280,0.0863346683211601
col,281,-0.06631257210453168
col,282,-0.0024800946937815205
col,283,-0.010538577294105345
col,284,0.015456992492429933
col,285,0.1545705013334735
col,286,-0.046716524842588925
col,287,-0.10458949857769895
col,288,-0.002578425246662519
col,289,0.03448100350527694
col,290,-0.07753554573892041
col,291,0.04116782875650049
col,292,0.1814833580787738
col,293,0.13465197976288357
col,294,0.03368063334966953
col,295,0.1540043072834072
col,296,0.03570146076797176
col,297,0.11936898198762513
col,298,-0.030816897500316465
col,299,0.044923091633195966
col,300,0.12426549163341427
col,301,0.01330215235869403
col,302,0.011237659906778497
col,303,-0.007740908957664772
col,304,-0.021169579401434824
col,305,0.13290009157366622
col,306,0.12380959177426698
col,307,0.012135544655084374
col,308,-0.040358257897569416
col,309,0.04931367185393176
col,310,0.07620318246115065
col,311,-0.014935412886740274
col,312,-0.025445544592739733
col,313,0.1284803363298228
col,314,0.021616673813888543
col,315,0.02685876681445265
col,316,0.04122590449745811
col,317,0.014932544428078565
col,318,0.093258998531911
col,319,-0.07514150548109111
col,320,0.13806177344467674
col,321,0.2116531266956403
col,322,0.03310809738260723
col,323,0.24341542421109708
col,324,0.13710031363640462
col,325,0.0038463515455093855
col,326,0.15296531822692438
col,327,0.1090913250048482
col,328,-0.113439246067502
col,329,-0.02547984690653804
col,330,-0.029306059141902985
col,331,-0.053460480700636914
col,332,0.0389936634572452
col,333,0.09835341839296241
col,334,0.1372635200401353
col,335,0.1267657636381978
col,336,-0.04502773429792395
col,337,-0.054316101871960676
col,338,0.24253531139240847
col,339,0.25794205304186946
col,340,-0.11544703266486422
col,341,0.0196160366930771
col,342,-0.0424325654069575
col,343,0.043731751897886806
col,344,0.0029937250523306425
col,345,0.024332972704151246
col,346,0.005769804983574822
col,347,0.17969185412983357
col,348,-0.04283162669099916
col,349,0.16775311657610015
col,350,0.03904955770757912
col,351,0.35753584936813443
col,352,-0.09268310863374296
col,353,0.061201810854374816
col,354,0.01787674466197897
col,355,0.03614161044888853
col,356,-0.07940075183934514
col,357,0.02771736384644985
col,358,0.04960725851666181
col,359,0.22531732804036597
col,360,-0.014619052878894756
col,361,-0.09654093510442285
col,362,0.049080601944760716
col,363,0.01192244615005933
col,364,0.025285573129242067
col,365,0.10613281403837327
col,366,0.012109615291779896
col,367,0.03742820851814965
col,368,0.0391777732915477
col,369,0.08659399118981614
col,370,0.09177133295437212
col,371,0.024606332101317907
col,372,0.08719907685369055
col,373,0.11789108641069745
col,374,0.10512873372971798
col,375,0.11293440405050337
col,376,0.06048864380615404
col,377,-0.053033951107086974
col,378,0.07831451637591913
col,379,0.1281651590374775
col,380,0.030675288168712456
col,381,0.08132519073735445
col,382,0.0093772496622333
col,383,-0.0848108039000457
col,384,0.019192223927354313
col,385,-0.14698460129902635
col,386,-0.008217588678967047
col,387,0.08214471786831368
col,388,0.11631601302223515
col,389,-0.04580031337684476
col,390,0.15798863819373565
col,391,0.11885061201071867
col,392,0.1147897957796995
col,393,0.052059932038593715
col,394,-0.03829014740504899
col,395,-0.024953423107679118
col,396,0.15366439645305263
col,397,0.13935781609103248
col,398,0.04113696920897958
col,399,0.16588915178427222
col,400,-0.03968095709469832
col,401,-0.00041351741483097726
col,402,0.15416508879192747
col,403,0.12434365931606184
col,404,0.18694608635538668
col,405,0.03942580528979178
col,406,-0.007021677583944452
col,407,-0.01263575141436224
col,408,0.01916955901425066
col,409,0.0811326175740037
col,410,0.014429383805688367
col,411,0.10932262137698423
col,412,0.10526048565166635
col,413,-0.04305843855835656
col,414,0.11055445659335295
col,415,0.024046720957652923
col,416,0.07208207258641597
col,417,-0.04449007038597408
col,418,-0.11769484234475502
col,419,0.06729422825726328
col,420,0.10050812646944962
col,421,-0.06877902895070998
col,422,0.026903483343191148
col,423,0.2033679885998554
col,424,0.055254069786068616
col,425,0.027223558097322798
col,426,-0.04705774688649189
col,427,-0.07036001629917621
col,428,0.02614988429610321
col,429,-0.004838749297173983
col,430,0.18015810038739266
col,431,0.0015501056077695807
col,432,0.061454641939210575
col,433,0.09478678979429844
col,434,0.19543819037592236
col,435,0.08140053850023676
col,436,0.02324884037121855
col,437,0.05703360182894679
col,438,0.046774352517160445
col,439,0.11619951852126587
col,440,0.04242321743639055
col,441,0.054215488185580085
col,442,0.013736039955894341
col,443,-0.03184684746795163
col,444,-0.027524063728248116
col,445,0.16938082667835275
col,446,-0.046381705782335914
col,447,-0.10192720081829876
col,448,-0.10963968769749055
col,449,0.14403835028634004
col,450,0.10768165108399685
col,451,0.20703021205457706
col,452,0.1324408265243533
col,453,0.06895012253021537
col,454,0.038891017345608514
col,455,0.05444520829755373
col,456,-0.0771645678870918
col,457,-0.058988283690736054
col,458,0.07947615686089549
col,459,0.06447867263848783
col,460,0.11761885345092438
col,461,0.0006376633441322888
col,462,-0.06504407523540046
col,463,-0.10521973883926306
col,464,-0.03355873714442836
col,465,0.07351245531749528
col,466,0.059076416422744416
col,467,0.007503726052281223
col,468,0.08252319176684786
col,469,0.07729681716881753
col,470,-0.1274822151296071
col,471,0.10396752088484007
col,472,0.09252219085790614
col,473,0.13857122239033348
col,474,0.014257619132159505
col,475,-0.04283532912165189
col,476,0.09337557877794511
col,477,0.21140256991027062
col,478,0.11192495550109527
col,479,0.016322133181965626
col,480,-0.03070466425885998
col,481,0.10882244366520899
col,482,-0.014905932403465716
col,483,0.05925272031594098
col,484,0.09932053535002616
col,485,0.0342590718275253
col,486,-0.007943313776561656
col,487,-0.05923390412059071
col,488,-0.027220540527019388
col,489,0.006629190767591275
col,490,0.053754921324937754
col,491,0.2343212022083665
col,492,0.12272680663243696
col,493,0.10004844460329743
col,494,0.12788202842475105
col,495,0.06464113967117324
col,496,-0.0626446275527961
col,497,-0.13029853439388406
col,498,0.06919341618119468
col,499,0.09634144044832382
col,500,-0.015211861871535781
col,501,0.03738429331622939
col,502,0.07700831573244571
col,503,-0.08213021456884917
col,504,0.15859421817324115
col,505,0.09180881889506676
col,506,-0.021365232074687324
col,507,0.019521372251654068
col,508,-0.047398324339414266
col,509,-0.05821839423101505
col,510,0.1292342529521644
col,511,0.05640874125595019
col,512,0.15736164351216875
col,513,0.06978816185467007
col,514,0.0331332922975589
col,515,0.0990268775490799
col,516,0.014084698628830328
col,517,-0.06650139233412977
col,518,0.051910631907748694
col,519,0.12218705338280866
col,520,0.015967691863972178
col,521,0.04411614887318116
col,522,0.25663483770230044
col,523,-0.015488888840030413
col,524,0.1600660761706849
col,525,0.0013609366848981175
col,526,0.057128769639803956
col,527,-0.01967401288740156
col,528,-0.1563629623633962
col,529,-0.07452872006320632
col,530,-0.024412524956579418
col,531,-0.08744119758939117
col,532,0.10772529263988062
col,533,0.17496039448277312
col,534,0.21802393585350854
col,535,0.13676757481334656
col,536,0.08877763260679306
col,537,-0.015539701809525575
col,538,-0.02955591103364874
col,539,0.08383661583313096
col,540,-0.039875633131021715
col,541,0.05957110702231461
col,542,0.042475198517366586
col,543,-0.1292377927249353
col,544,0.005157862070654495
col,545,-0.03413419495403058
col,546,0.038039925723371226
col,547,0.14434987303727498
col,548,0.09387327207470797
col,549,-0.03237985217177908
col,550,0.03673818825205277
col,551,0.012401959654590566
col,552,0.19694166322885787
col,553,0.05398457702320458
col,554,0.09497528994344728
col,555,0.059302628181121086
col,556,0.03306637279716007
col,557,0.02190984168990795
col,558,-0.013427828915636653
col,559,0.002990789924662174
col,560,0.16835208406416902
col,561,0.09974475313229458
col,562,-0.015849408330026904
col,563,0.08226002716701597
col,564,0.059973890708298505
col,565,0.05411986907828048
col,566,0.13932075573563552
col,567,0.2254287425023329
col,568,0.11885121918900765
col,569,-0.037634912399397535
col,570,-0.10945670218415016
col,571,-0.046871683866496205
col,572,-0.06080329958681974
col,573,-0.11860020255596826
col,574,0.026640150420599085
col,575,0.05759937438006979
col,576,0.09619689634422901
col,577,0.13349366701614107
col,578,0.05356191324129611
col,579,0.026224727794536662
col,580,0.0865224904237274
col,581,0.2796674738449134
col,582,0.18885779447939655
col,583,0.10188071308684243
col,584,0.19693317035094227
col,585,0.14434772985533506
col,586,0.13575760172987295
col,587,0.13937784259017638
col,588,0.02858351611433463
col,589,0.05329457574580054
col,590,0.011296964310931301
col,591,0.048083603418270116
col,592,-0.10312526040065784
col,593,0.0669661328508111
col,594,0.06716602061551624
col,595,0.006826100979648864
col,596,-0.11993287375605899
col,597,-0.049903587653039594
col,598,0.05141295773042076
col,599,0.0262668673982982
col,600,-0.0816949385162804
col,601,0.09426516948345132
col,602,0.04336505108785271
col,603,0.22747123429436567
col,604,0.10019761684153572
col,605,-0.03945891860141959
col,606,0.08536251720011645
col,607,-0.025105070227068538
col,608,0.021080426676744146
col,609,-0.08993738700313614
col,610,0.050481005341247
col,611,0.03591835407614674
col,612,-0.086153897126926
col,613,-0.07934547547634896
col,614,0.014018403555459358
col,615,0.10421507927862717
col,616,-0.06933000844018622
col,617,-0.1262085798858541
col,618,0.17452898917815673
col,619,0.11058668023335905
col,620,0.11798232546881104
col,621,-0.001897437173539629
col,622,0.05116225467266533
col,623,-0.036901261417603415
col,624,0.15434975118960725
col,625,-0.07641839996902888
col,626,0.05933867098000789
col,627,0.16383754867070355
col,628,0.044449769348807955
col,629,0.07708574797105072
col,630,0.16596126323865068
col,631,0.2322078287428493
col,632,0.16567065029862427
col,633,0.08604250616319042
col,634,0.028398835103913278
col,635,0.04109065194783268
col,636,0.03486001709483855
col,637,0.08248747094664566
col,638,-0.03997778514436234
col,639,-0.0014419460132018003
col,640,0.04557799835293208
col,641,-0.07524995874622631
col,642,-0.07198072904369779
col,643,0.014731857661377745
col,644,0.016624286414722356
col,645,0.09062556668409405
col,646,0.0833495279887777
col,647,-0.11781017354253986
col,648,0.00215066087501814
col,649,-0.010471089911870735
col,650,0.20888524591039292
col,651,0.059924752412352955
col,652,0.12205174880737335
col,653,-0.04559702133082855
col,654,0.0690099521614429
col,655,0.06204756987164073
col,656,0.1529726660631252
col,657,0.12791762148051067
col,658,-0.019433295008909557
col,659,-0.10484114074592021
col,660,0.03728211997992892
col,661,0.0696922869140364
col,662,0.09062884407044258
col,663,0.0500360097727528
col,664,0.0010791638476446153
col,665,0.024501923911964152
col,666,-0.07822384444451425
col,667,-0.04678403789606023
col,668,-0.22956476700797435
col,669,-0.03942767375252165
col,670,0.08948801731754497
col,671,-0.08503970327365185
col,672,-0.06571936650714472
col,673,-0.03353977096161076
col,674,0.03726747822907761
col,675,-0.06808604029391496
col,676,0.13352763609393037
col,677,-0.029158497694018237
col,678,0.18211174979611533
col,679,0.0050411497171571895
col,680,0.16163967347581387
col,681,0.16128744955018082
col,682,0.20044658345216426
col,683,0.226451100826222
col,684,0.17919963107501813
col,685,0.13041863119386177
col,686,-4.4611299131691595e-05
col,687,-0.02510588182053297
col,688,-0.2130502866399393
col,689,-0.26916827092860585
col,690,-0.09677162565669661
col,691,0.021349476141999224
col,692,0.03605040489370959
col,693,0.025513631942844395
col,694,0.1650955670387546
col,695,0.19747451936604676
col,696,0.1314359652515753
col,697,0.1482815690847099
col,698,0.020844824226290637
col,699,0.08132043563125979
col,700,0.07018317964832033
col,701,-0.09900601241607365
col,702,-0.05947143861834725
col,703,0.05819714968648526
col,704,0.029387675506328037
col,705,0.19166444917531944
col,706,0.10517539428704481
col,707,0.027497089594141322
col,708,0.07467766099461226
col,709,0.0600114104091265
col,710,0.12463404058769711
col,711,0.03765116224526732
col,712,0.11792430557791533
col,713,-0.10375159233263442
col,714,0.03581362874268912
col,715,0.06477373003850939
col,716,0.009528252460996534
col,717,-0.05180796258742726
col,718,0.17249856557874121
col,719,-0.001809736413533436
col,720,0.1961207458884684
col,721,0.15974486765666374
col,722,0.07474820292908468
col,723,0.023220274450106437
col,724,0.07500651247957002
col,725,-0.006306364453149804
col,726,0.036018855434280184
col,727,-0.12771880645082057
col,728,-0.17488314623236967
col,729,-0.13544649577011159
col,730,0.06331060874901562
col,731,-0.03762985041090472
col,732,0.16765518885304598
col,733,0.2578916731971259
col,734,0.1257934924565376
col,735,0.046109449035048655
col,736,0.037605650008982305
col,737,0.04267169862239184
col,738,0.15286676264055288
col,739,0.014063281980968512
col,740,0.19748565074311664
col,741,0.03393552404514466
col,742,0.029886231465733104
col,743,-0.15522996697302638
col,744,0.08019152847923827
col,745,0.08084105586173429
col,746,0.16655696024814537
col,747,0.17675831454138802
col,748,0.07862245448641891
col,749,-0.008064905133089884
col,750,0.006097111337737715
col,751,-0.1296520287401064
col,752,-0.002290011754221055
col,753,-0.13681883499265446
col,754,-0.009134080440434289
col,755,0.13154316100381136
col,756,0.20808692234404358
col,757,0.15657949284043848
col,758,0.2736272229331913
col,759,0.16289961841888978
col,760,0.1731763219763569
col,761,0.08382741621723344
col,762,0.08643517439444626
col,763,0.019072865318024768
col,764,0.043147113802080916
col,765,-0.07457172485975327
col,766,0.10904643132381109
col,767,-0.027942434031149155
col,768,0.02322607736987159
col,769,0.21504516618508251
col,770,0.0835961843655495
col,771,0.14783588966111783
col,772,0.25623816837127045
col,773,0.019822401484282715
col,774,0.15507128419554927
col,775,-0.034673762753340664
col,776,0.06492903061882771
col,777,0.051121952183727615
col,778,0.00775244282740184
col,779,0.08848319466483545
col,780,0.07950849794959325
col,781,0.273934438758884
col,782,0.0960775339182427
col,783,0.34949013280777885
col,784,0.19034869173440505
col,785,0.13873212642512467
col,786,-0.01052287504328664
col,787,0.0741111756768893
col,788,-0.004395375130162638
col,789,0.07925522466130808
col,790,0.02426149166354019
col,791,0.03919166697181975
col,792,0.11005441701967023
col,793,0.056163493994635605
col,794,0.12605641312236537
col,795,0.19584967278055654
col,796,0.33549983797711747
col,797,0.2052131927974079
col,798,0.09840243399314286
col,799,0.07481580834397938
col,800,0.02772589232483469
col,801,0.09692824234031416
col,802,-0.12744377970019816
col,803,-0.29405439838417724
col,804,-0.40817159124278035
col,805,-0.5454735853421622
col,806,-0.6044399896732715
col,807,-0.7422123794339539
