interaction,ligand,receptor,ligand_means,ligand_props,receptor_means,receptor_props,morans,morans_pvals,mean,std
SPARC^ENG,SPARC,ENG,1.5279254,0.8248,0.16600344,0.15085,0.19934332,0.0,0.3986468,1.3295145
MDK^TSPAN1,MDK,TSPAN1,1.817091,0.9025166666666666,0.5164864,0.5108166666666667,0.10286998,0.0,0.20576148,0.7610027
LAMA5^BCAM,LAMA5,BCAM,1.1172456,0.7873833333333333,1.147443,0.7900333333333334,0.08499317,0.0,0.16998903,0.77753687
FN1^SDC2,FN1,SDC2,0.07095254,0.06281666666666667,0.050996896,0.060033333333333334,0.07457783,0.0,0.14692698,1.3498756
FN1^ITGA9,FN1,ITGA9,0.07095254,0.06281666666666667,0.07305029,0.08248333333333334,0.07321015,0.0,0.14580058,1.3178421
MDK^SDC4,MDK,SDC4,1.817091,0.9025166666666666,0.3713106,0.41308333333333336,0.07281752,0.0,0.14563556,0.6847072
SPINT1^ST14,SPINT1,ST14,0.6014446,0.5793,0.46230495,0.49095,0.06252467,0.0,0.124993324,0.5106741
VIM^CD44,VIM,CD44,0.56064516,0.40418333333333334,0.07574416,0.09123333333333333,0.05978797,0.0,0.1190232,1.0867245
SPP1^CD44,SPP1,CD44,0.18203336,0.19868333333333332,0.07574416,0.09123333333333333,0.057625502,0.0,0.115234494,1.3906181
VWF^ITGA9,VWF,ITGA9,0.15114576,0.15673333333333334,0.07305029,0.08248333333333334,0.054340225,0.0,0.108571716,0.9190686
COL6A2^CD44,COL6A2,CD44,0.43912205,0.36925,0.07574416,0.09123333333333333,0.053661637,0.0,0.10694781,0.89618325
SEMA4D^ERBB2,SEMA4D,ERBB2,0.17236234,0.22823333333333334,2.8274267,0.9592333333333334,0.053328402,0.0,0.106684275,0.69443053
FN1^CD44,FN1,CD44,0.07095254,0.06281666666666667,0.07574416,0.09123333333333333,0.052704412,0.0,0.105030365,1.0853158
MDK^SORL1,MDK,SORL1,1.817091,0.9025166666666666,0.44545558,0.4734333333333333,0.05168682,0.0,0.10336127,0.71904176
APOA1^LDLR,APOA1,LDLR,0.5310762,0.5053666666666666,0.37404573,0.39968333333333333,0.05133884,0.0,0.10265475,0.68854946
CCN2^LRP1,CCN2,LRP1,0.6555796,0.48738333333333334,0.30070972,0.34318333333333334,0.050589327,0.0,0.10115635,0.9449182
S100A4^ERBB2,S100A4,ERBB2,0.35689667,0.3834666666666667,2.8274267,0.9592333333333334,0.04869344,0.0,0.09736037,0.85790944
S100A9^CD68,S100A9,CD68,0.13434787,0.11655,0.0625658,0.06783333333333333,0.047401614,0.0,0.094885096,1.1483173
COL1A1^CD44,COL1A1,CD44,0.8601111,0.4845333333333333,0.07574416,0.09123333333333333,0.046594266,0.0,0.09252999,1.0764289
WNT5A^ANTXR1,WNT5A,ANTXR1,0.04661613,0.05591666666666667,0.20269054,0.24325,0.04231316,0.0,0.084123,0.8216075
COL6A3^CD44,COL6A3,CD44,0.39986977,0.2552333333333333,0.07574416,0.09123333333333333,0.040400445,0.0,0.08037855,1.0652498
ETV5^ERBB2,ETV5,ERBB2,0.13719693,0.18216666666666667,2.8274267,0.9592333333333334,0.039810747,0.0,0.07976214,0.7471525
COL6A1^CD44,COL6A1,CD44,0.69208837,0.5754333333333334,0.07574416,0.09123333333333333,0.03624639,0.0,0.072233684,0.8155777
A2M^LRP1,A2M,LRP1,0.2328625,0.21128333333333332,0.30070972,0.34318333333333334,0.035658196,0.0,0.07132573,0.7298194
WNT11^FZD10,WNT11,FZD10,0.1360618,0.1703,0.09426845,0.13018333333333335,0.035095513,0.0,0.0702405,0.61986136
EFNB1^ERBB2,EFNB1,ERBB2,0.14746608,0.19625,2.8274267,0.9592333333333334,0.034887873,0.0,0.06980122,0.7336893
PSEN1^NOTCH3,PSEN1,NOTCH3,0.24068008,0.30243333333333333,1.1864551,0.8062166666666667,0.034630388,0.0,0.069266535,0.50153214
CDH1^PTPRF,CDH1,PTPRF,0.20450613,0.26721666666666666,0.7734785,0.6686,0.034417387,0.0,0.06885231,0.44809243
MDK^NOTCH2,MDK,NOTCH2,1.817091,0.9025166666666666,0.17976236,0.23445,0.033574156,0.0,0.06713703,0.58908767
COL4A1^CD44,COL4A1,CD44,0.39930317,0.32116666666666666,0.07574416,0.09123333333333333,0.032589246,0.0,0.06494187,0.8523714
HSPA8^LDLR,HSPA8,LDLR,0.8209276,0.69085,0.37404573,0.39968333333333333,0.032290466,0.0,0.064559884,0.53178996
CXCL12^SDC4,CXCL12,SDC4,0.08748657,0.10945,0.3713106,0.41308333333333336,0.031983465,0.0,0.06426928,0.605346
L1CAM^ERBB2,L1CAM,ERBB2,0.07641579,0.10673333333333333,2.8274267,0.9592333333333334,0.031204414,0.0,0.063135274,0.5890387
APOE^SDC2,APOE,SDC2,0.8531935,0.6709666666666667,0.050996896,0.060033333333333334,0.030991828,0.0,0.061855815,0.78176254
C1QB^LRP1,C1QB,LRP1,0.06940659,0.06961666666666666,0.30070972,0.34318333333333334,0.030932926,0.0,0.06202799,0.71437126
SPON1^LRP8,SPON1,LRP8,1.834277,0.8935833333333333,0.097259626,0.13536666666666666,0.030775608,0.0,0.061874203,0.6358289
APP^LRP1,APP,LRP1,0.79693526,0.6800833333333334,0.30070972,0.34318333333333334,0.029900886,0.0,0.059796397,0.5071157
APOE^LRP1,APOE,LRP1,0.8531935,0.6709666666666667,0.30070972,0.34318333333333334,0.029833535,0.0,0.059671294,0.63146114
LAMB1^CD44,LAMB1,CD44,0.114201464,0.11055,0.07574416,0.09123333333333333,0.029387154,0.0,0.05846699,0.79392517
TGM2^SDC4,TGM2,SDC4,0.20695424,0.2518,0.3713106,0.41308333333333336,0.028996758,0.0,0.057993792,0.5533275
MIF^CD74_CXCR4,MIF,CD74_CXCR4,0.64815784,0.5967833333333333,0.37951812,0.427,0.028646512,0.0,0.057280306,0.59653467
BMP7^PTPRK,BMP7,PTPRK,0.3308056,0.38325,0.3996548,0.44416666666666665,0.028057612,0.0,0.056119714,0.4664946
WNT5A^MCAM,WNT5A,MCAM,0.04661613,0.05591666666666667,0.09970128,0.12481666666666667,0.028047817,0.0,0.055677734,0.7222023
MDK^SDC1,MDK,SDC1,1.817091,0.9025166666666666,0.072289936,0.10475,0.02765047,0.0,0.055734146,0.5494639
CCN2^EGFR,CCN2,EGFR,0.6555796,0.48738333333333334,0.10819267,0.14703333333333332,0.027254652,0.0,0.054347266,0.8771788
VWF^LRP1,VWF,LRP1,0.15114576,0.15673333333333334,0.30070972,0.34318333333333334,0.026709162,0.0,0.053420134,0.63514996
LAMC1^DAG1,LAMC1,DAG1,0.8374309,0.6937666666666666,0.28329813,0.34446666666666664,0.02616535,0.0,0.052314475,0.48210737
VWF^ITGB1,VWF,ITGB1,0.15114576,0.15673333333333334,0.17783748,0.22815,0.024778739,0.0,0.049551077,0.6253963
TGFA^ERBB3,TGFA,ERBB3,0.053354,0.07851666666666667,0.67373854,0.6106666666666667,0.024719954,0.0,0.04942907,0.45010072
APOA1^ABCA1,APOA1,ABCA1,0.5310762,0.5053666666666666,0.13524368,0.17878333333333332,0.02432648,0.0,0.048626702,0.6137163
TNFSF13^TNFRSF1A,TNFSF13,TNFRSF1A,0.13263714,0.17958333333333334,1.0217289,0.7637333333333334,0.02411373,0.0,0.048272006,0.45829883
GRN^TNFRSF1A,GRN,TNFRSF1A,0.29538792,0.34503333333333336,1.0217289,0.7637333333333334,0.023986313,0.0,0.047973804,0.5025931
APOE^ABCA1,APOE,ABCA1,0.8531935,0.6709666666666667,0.13524368,0.17878333333333332,0.023546128,0.0,0.047069628,0.62387955
COL18A1^PTPRS,COL18A1,PTPRS,1.1007198,0.7915166666666666,0.36837253,0.4196166666666667,0.023013847,0.0,0.046025,0.47967005
GDF11^BMPR1B,GDF11,BMPR1B,0.34140033,0.39125,0.12273839,0.16696666666666668,0.022907168,0.0,0.045849912,0.43175673
FN1^PLAUR,FN1,PLAUR,0.07095254,0.06281666666666667,0.050655294,0.06403333333333333,0.022492543,0.0,0.044226687,0.84733826
APP^TNFRSF21,APP,TNFRSF21,0.79693526,0.6800833333333334,0.13852842,0.17696666666666666,0.022279156,0.0,0.044558734,0.45924538
SEMA4B^DCBLD2,SEMA4B,DCBLD2,0.27999863,0.34076666666666666,0.5646161,0.56045,0.021932643,0.0,0.043855056,0.43227145
ARF6^SMAP1,ARF6,SMAP1,0.57225287,0.5644,0.15491596,0.21,0.02149925,0.0,0.043018967,0.4072627
SCGB3A1^NOTCH3,SCGB3A1,NOTCH3,0.046783485,0.06548333333333334,1.1864551,0.8062166666666667,0.021347279,0.0,0.043401066,0.47736427
SPON2^ITGB1,SPON2,ITGB1,0.056351695,0.06001666666666667,0.17783748,0.22815,0.021189077,0.0,0.042618986,0.65456307
GDF11^BMPR1A,GDF11,BMPR1A,0.34140033,0.39125,0.19152679,0.25043333333333334,0.021173432,0.0,0.042319555,0.4315389
LAMA4^CD44,LAMA4,CD44,0.07981803,0.07368333333333334,0.07574416,0.09123333333333333,0.02101532,0.0,0.041780997,0.7646997
AFDN^EPHB6,AFDN,EPHB6,0.33604774,0.3909666666666667,0.28175825,0.3389666666666667,0.020867124,0.0,0.041745916,0.41130483
WNT7A^LDLR,WNT7A,LDLR,0.05768167,0.08286666666666667,0.37404573,0.39968333333333333,0.020834308,0.0,0.04205436,0.5299973
BMP7^ACVR1B,BMP7,ACVR1B,0.3308056,0.38325,0.17914683,0.23633333333333334,0.02064965,0.0,0.04131437,0.44276625
SLPI^PLSCR1,SLPI,PLSCR1,0.9724504,0.68805,0.20385216,0.24848333333333333,0.020619622,0.0,0.041243296,0.76384753
BMP7^BMPR1A_BMPR2,BMP7,BMPR1A_BMPR2,0.3308056,0.38325,0.055526096,0.09923333333333334,0.020152159,0.0,0.04033789,0.41946322
SPON1^APP,SPON1,APP,1.834277,0.8935833333333333,0.79693526,0.6800833333333334,0.02009663,0.0,0.0401874,0.8749532
VEGFA^EGFR,VEGFA,EGFR,0.32484362,0.36878333333333335,0.10819267,0.14703333333333332,0.020024914,0.0,0.040114112,0.59257907
LGALS1^ITGB1,LGALS1,ITGB1,0.45017284,0.4426833333333333,0.17783748,0.22815,0.019987922,0.0,0.03998092,0.552708
FAM3C^CLEC2D,FAM3C,CLEC2D,0.6185579,0.58585,0.27363393,0.32998333333333335,0.019700065,0.0,0.03940215,0.45560822
LRPAP1^LDLR,LRPAP1,LDLR,0.5339284,0.53845,0.37404573,0.39968333333333333,0.01955117,0.0,0.039097544,0.5153676
FBN1^ITGB1,FBN1,ITGB1,0.05550488,0.058116666666666664,0.17783748,0.22815,0.019149458,0.0,0.03847617,0.5650387
L1CAM^FGFR2,L1CAM,FGFR2,0.07641579,0.10673333333333333,0.13725807,0.18206666666666665,0.018790523,0.0,0.037726738,0.46040785
PSAP^LRP1,PSAP,LRP1,0.99639356,0.75465,0.30070972,0.34318333333333334,0.018588243,0.0,0.037176274,0.5067273
EFNA1^EPHB6,EFNA1,EPHB6,0.16912669,0.21776666666666666,0.28175825,0.3389666666666667,0.018407796,0.0,0.036829554,0.42908183
TCTN1^TMEM67,TCTN1,TMEM67,0.2537382,0.31425,0.07452233,0.10581666666666667,0.01765633,0.0,0.035414767,0.40733328
LRPAP1^SORT1,LRPAP1,SORT1,0.5339284,0.53845,0.39675283,0.4414666666666667,0.017628705,0.0,0.03525862,0.46835116
WNT7A^FZD5_LRP6,WNT7A,FZD5_LRP6,0.05768167,0.08286666666666667,0.09441903,0.1522,0.017543724,0.0,0.035350773,0.46807912
LRPAP1^SORL1,LRPAP1,SORL1,0.5339284,0.53845,0.44545558,0.4734333333333333,0.017374555,0.0,0.03474809,0.49393082
COL4A2^CD44,COL4A2,CD44,0.5233991,0.47276666666666667,0.07574416,0.09123333333333333,0.01691699,0.0,0.033750217,0.7465795
PLAT^LRP1,PLAT,LRP1,0.12385936,0.15618333333333334,0.30070972,0.34318333333333334,0.016845282,0.0,0.033619773,0.5633368
SEMA4D^PLXNB1,SEMA4D,PLXNB1,0.17236234,0.22823333333333334,0.3301161,0.38408333333333333,0.016389266,0.0,0.032786645,0.40078458
LAMB3^CD151,LAMB3,CD151,0.13251689,0.17856666666666668,0.6890722,0.6325,0.01636477,0.0,0.032764997,0.41846737
PLTP^ABCA1,PLTP,ABCA1,0.46289372,0.47881666666666667,0.13524368,0.17878333333333332,0.016272722,0.0,0.032524396,0.46558565
LAMA1^SDC2,LAMA1,SDC2,0.087166004,0.1176,0.050996896,0.060033333333333334,0.016205024,0.0,0.03262839,0.62264794
PRSS1^PARD3,PRSS1,PARD3,0.15692203,0.20961666666666667,0.341336,0.39823333333333333,0.016109616,0.0,0.032202348,0.40279666
APP^CD74,APP,CD74,0.79693526,0.6800833333333334,1.0023346,0.70795,0.01598114,0.0,0.031958994,0.7088381
MDK^GPC2,MDK,GPC2,1.817091,0.9025166666666666,0.10012428,0.13608333333333333,0.015894257,0.0,0.03208853,0.5898625
FBLN1^ITGB1,FBLN1,ITGB1,0.63396364,0.5753166666666667,0.17783748,0.22815,0.015812948,0.0,0.03163532,0.57033205
LAMA5^DAG1,LAMA5,DAG1,1.1172456,0.7873833333333333,0.28329813,0.34446666666666664,0.01573896,0.0,0.03146748,0.5219078
BMP7^BMPR1B_BMPR2,BMP7,BMPR1B_BMPR2,0.3308056,0.38325,0.036339063,0.06643333333333333,0.015729439,0.0,0.03148395,0.41617915
ANGPTL4^SDC2,ANGPTL4,SDC2,0.09024855,0.11638333333333334,0.050996896,0.060033333333333334,0.015690414,0.0,0.031478375,0.6116063
VEGFA^GPC1,VEGFA,GPC1,0.32484362,0.36878333333333335,0.18997273,0.24468333333333334,0.015668057,0.0,0.031335138,0.52011544
L1CAM^ERBB3,L1CAM,ERBB3,0.07641579,0.10673333333333333,0.67373854,0.6106666666666667,0.01565561,0.0,0.03169754,0.5123312
PSEN1^NCSTN,PSEN1,NCSTN,0.24068008,0.30243333333333333,0.29082224,0.35151666666666664,0.0153584005,0.0,0.030718857,0.38398114
FAM3C^LAMP1,FAM3C,LAMP1,0.6185579,0.58585,0.46342602,0.49118333333333336,0.015104953,0.0,0.030206474,0.46811587
VEGFA^EPHB2,VEGFA,EPHB2,0.32484362,0.36878333333333335,0.07523986,0.10683333333333334,0.014975919,0.0,0.029812206,0.56501126
COL5A1^SDC3,COL5A1,SDC3,0.24923274,0.20756666666666668,0.10908727,0.1472,0.014819514,0.0,0.029563678,0.7741807
BMP7^ACVR1_BMPR2,BMP7,ACVR1_BMPR2,0.3308056,0.38325,0.047276508,0.08603333333333334,0.014775407,0.0,0.0295752,0.414443
ADAM17^MUC1,ADAM17,MUC1,0.10988979,0.15166666666666667,0.5557353,0.5441333333333334,0.014738413,0.0,0.029500728,0.46680135
FGF18^FGFR2,FGF18,FGFR2,0.08780919,0.12461666666666667,0.13725807,0.18206666666666665,0.014704079,0.0,0.029450882,0.42673904
SERPING1^LRP1,SERPING1,LRP1,0.3157767,0.3635333333333333,0.30070972,0.34318333333333334,0.014457169,0.0,0.028912503,0.46970996
PSAP^SORT1,PSAP,SORT1,0.99639356,0.75465,0.39675283,0.4414666666666667,0.014407044,0.0,0.028811716,0.52604896
CGN^OCLN,CGN,OCLN,0.30963147,0.3667166666666667,0.18141629,0.23955,0.0143939,0.0,0.028786017,0.3928287
LAMC2^CD44,LAMC2,CD44,0.08536476,0.12045,0.07574416,0.09123333333333333,0.014133648,0.0,0.028427886,0.58333105
C3^CD46,C3,CD46,0.16144842,0.18345,0.33685198,0.3912,0.014029102,0.0,0.028065704,0.556746
L1CAM^CD9,L1CAM,CD9,0.07641579,0.10673333333333333,2.9539728,0.9646333333333333,0.014005795,0.0,0.028771197,0.64469683
L1CAM^EGFR,L1CAM,EGFR,0.07641579,0.10673333333333333,0.10819267,0.14703333333333332,0.013835126,0.0,0.027758487,0.4485796
CEL^CXCR4,CEL,CXCR4,0.11643545,0.15215,0.6211684,0.55665,0.013754686,0.0,0.027553784,0.58905375
NCAM1^FGFR2,NCAM1,FGFR2,0.21298583,0.2693333333333333,0.13725807,0.18206666666666665,0.013713116,0.0,0.027459906,0.43461904
APP^LRP6,APP,LRP6,0.79693526,0.6800833333333334,0.5923134,0.5776166666666667,0.013698937,0.0,0.027400568,0.50518763
LAMB3^CD44,LAMB3,CD44,0.13251689,0.17856666666666668,0.07574416,0.09123333333333333,0.013570097,0.0,0.027365087,0.64693874
LAMC2^CD151,LAMC2,CD151,0.08536476,0.12045,0.6890722,0.6325,0.0132484585,0.0,0.026637603,0.38811523
MXRA5^PILRB,MXRA5,PILRB,0.123324044,0.17063333333333333,0.47200987,0.49393333333333334,0.013188485,0.0,0.02636302,0.40058467
WNT11^FZD2,WNT11,FZD2,0.1360618,0.1703,0.043105327,0.06233333333333333,0.013132793,0.0,0.026349016,0.52915126
CALR^ITGA3,CALR,ITGA3,0.8438847,0.69875,0.11982953,0.15988333333333332,0.013093927,0.0,0.026285222,0.4756138
BSG^SLC16A1,BSG,SLC16A1,0.36153293,0.41041666666666665,0.1535217,0.20223333333333332,0.0130894985,0.0,0.026176231,0.396284
CCN6^SORL1,CCN6,SORL1,0.036565047,0.05535,0.44545558,0.4734333333333333,0.012872617,0.0,0.026089046,0.44416615
MIF^EGFR,MIF,EGFR,0.64815784,0.5967833333333333,0.10819267,0.14703333333333332,0.012830223,0.0,0.025714604,0.49447173
L1CAM^EPHB2,L1CAM,EPHB2,0.07641579,0.10673333333333333,0.07523986,0.10683333333333334,0.012820078,0.0,0.025762329,0.40130126
CCL28^ACKR2,CCL28,ACKR2,0.058422506,0.08393333333333333,0.03925539,0.05655,0.012643468,0.0,0.025152575,0.4922519
TGM2^ADGRG1,TGM2,ADGRG1,0.20695424,0.2518,0.34705853,0.4013333333333333,0.01226941,0.0,0.024533538,0.4744966
ACTR2^LDLR,ACTR2,LDLR,0.08111276,0.11535,0.37404573,0.39968333333333333,0.012234259,0.0,0.024807114,0.46849802
COL2A1^CD44,COL2A1,CD44,0.048530977,0.05921666666666667,0.07574416,0.09123333333333333,0.012196183,0.0,0.024276871,0.5157954
LAMA5^SDC1,LAMA5,SDC1,1.1172456,0.7873833333333333,0.072289936,0.10475,0.012138639,0.0,0.024484945,0.44424504
LAMB2^DAG1,LAMB2,DAG1,0.3288669,0.38058333333333333,0.28329813,0.34446666666666664,0.01212001,0.0,0.024236323,0.3983344
RTN4^S1PR2,RTN4,S1PR2,0.22277068,0.2824333333333333,0.24261963,0.3035333333333333,0.01207949,0.0,0.02416352,0.38787
GDF11^BMPR2,GDF11,BMPR2,0.34140033,0.39125,0.23645577,0.29633333333333334,0.01202354,0.0,0.024044476,0.42331868
HSPG2^LRP1,HSPG2,LRP1,0.07170774,0.09696666666666667,0.30070972,0.34318333333333334,0.011907972,0.0,0.023934959,0.44997618
APP^NCSTN,APP,NCSTN,0.79693526,0.6800833333333334,0.29082224,0.35151666666666664,0.011885951,0.0,0.023768501,0.433077
GSTP1^TRAF2,GSTP1,TRAF2,1.0458322,0.7696,0.12528622,0.17156666666666667,0.011851872,0.0,0.023753457,0.44003093
APOE^LSR,APOE,LSR,0.8531935,0.6709666666666667,0.34325284,0.3962333333333333,0.011818181,0.0,0.023638844,0.60014796
ARPC5^LDLR,ARPC5,LDLR,0.059646547,0.08771666666666667,0.37404573,0.39968333333333333,0.011546362,0.0,0.023173077,0.46377546
PDGFB^LRP1,PDGFB,LRP1,0.042184908,0.05461666666666667,0.30070972,0.34318333333333334,0.011524176,0.0,0.022879472,0.44932553
AFDN^EPHB3,AFDN,EPHB3,0.33604774,0.3909666666666667,0.15658742,0.20776666666666666,0.011510184,0.0,0.023021266,0.3832667
EFNB1^EPHB3,EFNB1,EPHB3,0.14746608,0.19625,0.15658742,0.20776666666666666,0.011397272,0.0,0.022796776,0.40783423
GSTP1^EGFR,GSTP1,EGFR,1.0458322,0.7696,0.10819267,0.14703333333333332,0.011197607,0.0,0.022495596,0.45775595
LYPD3^AGR2,LYPD3,AGR2,0.06215212,0.08473333333333333,0.1115472,0.14855,0.010730368,0.0,0.021634392,0.5319901
LAMB2^CD44,LAMB2,CD44,0.3288669,0.38058333333333333,0.07574416,0.09123333333333333,0.010468564,0.0,0.02119689,0.44605663
LAMA3^DAG1,LAMA3,DAG1,0.078100145,0.1094,0.28329813,0.34446666666666664,0.010447922,0.0,0.020948457,0.40677956
COL9A2^SDC1,COL9A2,SDC1,0.26586846,0.3179166666666667,0.072289936,0.10475,0.010426635,0.0,0.0209107,0.4194337
AFDN^EPHB2,AFDN,EPHB2,0.33604774,0.3909666666666667,0.07523986,0.10683333333333334,0.010410653,0.0,0.021057183,0.36723602
APP^LRP10,APP,LRP10,0.79693526,0.6800833333333334,0.21355008,0.2718333333333333,0.010276864,0.0,0.020549726,0.42155948
NCAM1^PTPRA,NCAM1,PTPRA,0.21298583,0.2693333333333333,0.12446099,0.17055,0.010189394,0.0,0.020428967,0.39483538
PSEN1^NOTCH2,PSEN1,NOTCH2,0.24068008,0.30243333333333333,0.17976236,0.23445,0.010117485,0.0,0.020233555,0.38299888
FGFR3^EPHA4,FGFR3,EPHA4,0.08639095,0.12286666666666667,0.03981055,0.05868333333333333,0.010100255,0.0,0.020484788,0.3983707
SEMA5B^PLXNA3,SEMA5B,PLXNA3,0.19122282,0.23825,0.0883209,0.12335,0.009892548,0.0,0.019879792,0.4627281
MFGE8^ITGAV,MFGE8,ITGAV,0.50677764,0.5184833333333333,0.04399407,0.0641,0.009805634,0.0,0.01989372,0.40954438
SEMA4C^PLXNB2,SEMA4C,PLXNB2,0.46049806,0.4918666666666667,0.34820747,0.39521666666666666,0.009796178,0.0,0.019586677,0.4279649
CDH1^CDH2,CDH1,CDH2,0.20450613,0.26721666666666666,0.12966482,0.17138333333333333,0.009674276,0.0,0.019358996,0.42037624
CALR^ITGAV,CALR,ITGAV,0.8438847,0.69875,0.04399407,0.0641,0.009383025,0.0,0.019320125,0.40141705
AGRN^LRP4,AGRN,LRP4,0.7036076,0.6390333333333333,0.06388529,0.08736666666666666,0.009377086,0.0,0.01915966,0.40063053
ANXA1^EGFR,ANXA1,EGFR,0.2377601,0.28195,0.10819267,0.14703333333333332,0.009280451,0.0,0.018568708,0.4580209
CGN^TGFBR1,CGN,TGFBR1,0.30963147,0.3667166666666667,0.080925085,0.11565,0.0090591675,0.0,0.018190952,0.3712158
LGALS3BP^ITGB1,LGALS3BP,ITGB1,0.79348797,0.6700166666666667,0.17783748,0.22815,0.008982819,0.0,0.017962579,0.4606144
COL18A1^ITGB5,COL18A1,ITGB5,1.1007198,0.7915166666666666,0.0461282,0.06678333333333333,0.008977147,0.0,0.018535983,0.4270159
EFNB1^EPHB4,EFNB1,EPHB4,0.14746608,0.19625,0.24897747,0.3086333333333333,0.008968926,0.0,0.017941661,0.37754256
RGMA^BMPR1B,RGMA,BMPR1B,0.06747693,0.09696666666666667,0.12273839,0.16696666666666668,0.008712668,0.0,0.01751137,0.39677125
AGRN^DAG1,AGRN,DAG1,0.7036076,0.6390333333333333,0.28329813,0.34446666666666664,0.008583072,0.0,0.017156776,0.42604458
APP^GPC1,APP,GPC1,0.79693526,0.6800833333333334,0.18997273,0.24468333333333334,0.008540877,0.0,0.017080793,0.42861155
EFNB3^EPHB6,EFNB3,EPHB6,0.052919246,0.07795,0.28175825,0.3389666666666667,0.008479917,0.0,0.01717564,0.39459848
WNT7A^FZD10_LRP6,WNT7A,FZD10_LRP6,0.05768167,0.08286666666666667,0.058011267,0.09568333333333333,0.008260217,0.0,0.016779395,0.4269752
S100A1^RYR1,S100A1,RYR1,0.2482628,0.30555,0.10219326,0.14363333333333334,0.007983381,0.0,0.015971432,0.4480638
CALM1^GRM4,CALM1,GRM4,0.09040737,0.1298,0.03958083,0.05415,0.0078770695,0.0,0.015834358,0.52472454
PSAP^CELSR1,PSAP,CELSR1,0.99639356,0.75465,0.37372813,0.4222,0.007851677,0.0,0.015700884,0.51031387
CKLF^LRP6,CKLF,LRP6,0.08669441,0.12141666666666667,0.5923134,0.5776166666666667,0.007842876,0.0,0.015883625,0.41649154
WNT7A^FZD5_LRP5,WNT7A,FZD5_LRP5,0.05768167,0.08286666666666667,0.033436805,0.06385,0.007837899,0.0,0.015869211,0.39677426
NECTIN3^NECTIN1,NECTIN3,NECTIN1,0.07052969,0.09936666666666667,0.06563307,0.09476666666666667,0.007790113,0.0,0.015668526,0.37472552
ADAM9^ITGB1,ADAM9,ITGB1,0.05002486,0.06886666666666667,0.17783748,0.22815,0.007783112,0.0,0.015624027,0.38067898
LRPAP1^LRP8,LRPAP1,LRP8,0.5339284,0.53845,0.097259626,0.13536666666666666,0.007773412,0.0,0.015659006,0.3950983
CD99^CD99L2,CD99,CD99L2,0.17824352,0.23028333333333334,0.13984844,0.18776666666666667,0.0077617522,0.0,0.015538842,0.3673702
C3^LRP1,C3,LRP1,0.16144842,0.18345,0.30070972,0.34318333333333334,0.0077406233,0.0,0.015491422,0.5651395
EFNA4^EPHA1,EFNA4,EPHA1,0.051051542,0.07416666666666667,0.25148553,0.30473333333333336,0.0076778457,0.0,0.015793113,0.4342596
MDK^NCL,MDK,NCL,1.817091,0.9025166666666666,0.03472415,0.0508,0.007524569,0.0,0.016403498,0.5211764
LMAN1^MCFD2,LMAN1,MCFD2,0.41518798,0.4585,0.14057718,0.19006666666666666,0.007412579,0.0,0.014828566,0.37219557
WNT9A^FZD5_LRP6,WNT9A,FZD5_LRP6,0.03542145,0.05321666666666667,0.09441903,0.1522,0.0072718854,0.0,0.01503234,0.38743484
LAMA1^DAG1,LAMA1,DAG1,0.087166004,0.1176,0.28329813,0.34446666666666664,0.0071589234,0.0,0.01431702,0.39905107
LAMA3^CD44,LAMA3,CD44,0.078100145,0.1094,0.07574416,0.09123333333333333,0.0071443636,0.0,0.014455516,0.45977396
ADAM15^ITGB1,ADAM15,ITGB1,0.1608393,0.21365,0.17783748,0.22815,0.0071196416,0.0,0.014235997,0.3893798
CTHRC1^FZD6,CTHRC1,FZD6,0.12843047,0.16871666666666665,0.08956837,0.1276,0.007066438,0.0,0.014157248,0.39955825
CLEC11A^ITGB1,CLEC11A,ITGB1,0.11356085,0.14618333333333333,0.17783748,0.22815,0.0070252693,0.0,0.014067849,0.4251317
TNFSF13^TNFRSF14,TNFSF13,TNFRSF14,0.13263714,0.17958333333333334,0.062033042,0.08288333333333334,0.006916539,0.0,0.013968431,0.37041885
CCN1^ITGAV,CCN1,ITGAV,0.477936,0.41501666666666664,0.04399407,0.0641,0.00689448,0.0,0.01355473,0.8173358
RTN4^LINGO1,RTN4,LINGO1,0.22277068,0.2824333333333333,0.2274859,0.2841166666666667,0.0068885456,0.0,0.013780104,0.42526507
ITGB3BP^ITGB5,ITGB3BP,ITGB5,0.092964776,0.13111666666666666,0.0461282,0.06678333333333333,0.006839098,0.0,0.014098582,0.38666835
BMP8B^ACVR1_BMPR2,BMP8B,ACVR1_BMPR2,0.038029194,0.055433333333333334,0.047276508,0.08603333333333334,0.006818278,0.0,0.014130794,0.42534128
S100A1^AGER,S100A1,AGER,0.2482628,0.30555,0.07693995,0.10663333333333333,0.006727824,0.0,0.01368173,0.42390782
HSPG2^ITGB1,HSPG2,ITGB1,0.07170774,0.09696666666666667,0.17783748,0.22815,0.0066760327,0.0,0.013417415,0.381426
PTDSS1^SCARB1,PTDSS1,SCARB1,0.08692589,0.12075,0.11624975,0.15298333333333333,0.006650149,0.0,0.013314745,0.37411132
WNT11^FZD7,WNT11,FZD7,0.1360618,0.1703,0.06562244,0.09401666666666667,0.0066110087,0.0,0.013188234,0.51001084
WNT9A^FZD5_LRP5,WNT9A,FZD5_LRP5,0.03542145,0.05321666666666667,0.033436805,0.06385,0.006563335,0.0,0.013283331,0.35876983
BMP7^ACTR2,BMP7,ACTR2,0.3308056,0.38325,0.08111276,0.11535,0.0065469556,0.0,0.013446594,0.41634336
ADAM17^ERBB4,ADAM17,ERBB4,0.10988979,0.15166666666666667,0.09081395,0.1251,0.0065366747,0.0,0.01309899,0.41001397
WNT9A^FZD6_LRP6,WNT9A,FZD6_LRP6,0.03542145,0.05321666666666667,0.05586484,0.09471666666666667,0.0064261314,0.0,0.013204189,0.35031238
BMP8B^BMPR1B_BMPR2,BMP8B,BMPR1B_BMPR2,0.038029194,0.055433333333333334,0.036339063,0.06643333333333333,0.00634855,0.0,0.01301322,0.3980616
VEGFA^ITGAV,VEGFA,ITGAV,0.32484362,0.36878333333333335,0.04399407,0.0641,0.006281949,0.0,0.012167342,0.5032537
COL8A2^SLC4A11,COL8A2,SLC4A11,0.06039118,0.08755,0.046232782,0.068,0.006241284,0.0,0.012457806,0.35596874
GDF11^ACTR2,GDF11,ACTR2,0.34140033,0.39125,0.08111276,0.11535,0.0062363734,0.0,0.012749834,0.41006777
WNT11^FZD3,WNT11,FZD3,0.1360618,0.1703,0.10069914,0.1394,0.0061840136,0.0,0.012403541,0.49441656
EFNB3^EPHB3,EFNB3,EPHB3,0.052919246,0.07795,0.15658742,0.20776666666666666,0.0061431406,0.0,0.012477166,0.37072837
MDK^SDC3,MDK,SDC3,1.817091,0.9025166666666666,0.10908727,0.1472,0.006021149,0.0,0.0121414205,0.63715327
GPI^AMFR,GPI,AMFR,0.29259634,0.34468333333333334,0.050214864,0.07373333333333333,0.0059404997,0.0,0.011973614,0.42680782
AGTRAP^RACK1,AGTRAP,RACK1,0.21180142,0.27065,0.4441324,0.4755333333333333,0.0058568213,0.0,0.011716907,0.40543267
EFNB1^EPHB6,EFNB1,EPHB6,0.14746608,0.19625,0.28175825,0.3389666666666667,0.0057938797,0.0,0.011594517,0.40665203
ADAM10^NOTCH2,ADAM10,NOTCH2,0.059630286,0.08526666666666667,0.17976236,0.23445,0.005726401,0.0,0.011709132,0.3707429
SLIT2^SDC1,SLIT2,SDC1,0.0640315,0.0912,0.072289936,0.10475,0.0057123234,0.0,0.01152623,0.36313587
JAG1^NOTCH3,JAG1,NOTCH3,0.037382606,0.051616666666666665,1.1864551,0.8062166666666667,0.0056846975,0.0,0.013212304,0.49059233
HSPG2^PTPRS,HSPG2,PTPRS,0.07170774,0.09696666666666667,0.36837253,0.4196166666666667,0.0056679975,0.0,0.0114648,0.3671193
MXRA5^AGER,MXRA5,AGER,0.123324044,0.17063333333333333,0.07693995,0.10663333333333333,0.00564386,0.0,0.011407603,0.3623801
RGMA^NEO1,RGMA,NEO1,0.06747693,0.09696666666666667,0.25999188,0.31935,0.0056373165,0.0,0.011245111,0.39942512
WNT5A^LDLR,WNT5A,LDLR,0.04661613,0.05591666666666667,0.37404573,0.39968333333333333,0.005616033,0.0,0.011809982,0.5026166
WNT7A^FZD6_LRP6,WNT7A,FZD6_LRP6,0.05768167,0.08286666666666667,0.05586484,0.09471666666666667,0.0056140455,0.0,0.011490558,0.3792043
MXRA5^ILDR1,MXRA5,ILDR1,0.123324044,0.17063333333333333,0.037647095,0.05673333333333333,0.0055870353,0.0,0.011397873,0.35266832
SEMA4D^PLXNB2,SEMA4D,PLXNB2,0.17236234,0.22823333333333334,0.34820747,0.39521666666666666,0.00558598,0.0,0.011171349,0.40346935
CD99^PILRB,CD99,PILRB,0.17824352,0.23028333333333334,0.47200987,0.49393333333333334,0.005563236,0.0,0.011122931,0.40177342
CALM1^AQP6,CALM1,AQP6,0.09040737,0.1298,0.11756072,0.16105,0.0055264966,0.0,0.0111413,0.36596638
RGMA^BMPR2,RGMA,BMPR2,0.06747693,0.09696666666666667,0.23645577,0.29633333333333334,0.005525553,0.0,0.011084558,0.36525303
S100A4^EGFR,S100A4,EGFR,0.35689667,0.3834666666666667,0.10819267,0.14703333333333332,0.005475095,0.0,0.010926825,0.49989665
WNT7A^FZD7_LRP6,WNT7A,FZD7_LRP6,0.05768167,0.08286666666666667,0.040571854,0.06933333333333333,0.005470922,0.0,0.01096868,0.39396977
COPA^CD74,COPA,CD74,0.44569325,0.48238333333333333,1.0023346,0.70795,0.0054553244,0.0,0.010909006,0.6757849
CCN1^ITGB5,CCN1,ITGB5,0.477936,0.41501666666666664,0.0461282,0.06678333333333333,0.0054093054,0.0,0.0107716145,0.859936
CD55^ADGRE5,CD55,ADGRE5,0.2214286,0.27558333333333335,0.138665,0.18585,0.0053943684,0.0,0.010795496,0.38464594
EFNB3^EPHB4,EFNB3,EPHB4,0.052919246,0.07795,0.24897747,0.3086333333333333,0.005382223,0.0,0.010930642,0.3439581
JAG1^NOTCH1,JAG1,NOTCH1,0.037382606,0.051616666666666665,0.06374337,0.0857,0.0053721042,0.0,0.010225318,0.35875544
CDH1^LRP5,CDH1,LRP5,0.20450613,0.26721666666666666,0.17156333,0.22586666666666666,0.0053307284,0.0,0.010665977,0.3642977
APOE^LRP5,APOE,LRP5,0.8531935,0.6709666666666667,0.17156333,0.22586666666666666,0.0052944566,0.0,0.01058956,0.5557205
EFNB3^EPHB2,EFNB3,EPHB2,0.052919246,0.07795,0.07523986,0.10683333333333334,0.0052901697,0.0,0.01078128,0.35269263
LAMB3^DAG1,LAMB3,DAG1,0.13251689,0.17856666666666668,0.28329813,0.34446666666666664,0.005277959,0.0,0.010583697,0.3921703
WNT7A^FZD3_LRP6,WNT7A,FZD3_LRP6,0.05768167,0.08286666666666667,0.06335347,0.1047,0.005277529,0.0,0.010767833,0.40364984
EFNB1^EPHB2,EFNB1,EPHB2,0.14746608,0.19625,0.07523986,0.10683333333333334,0.005180292,0.0,0.01051664,0.36870947
FADD^TRADD,FADD,TRADD,0.12657057,0.17356666666666667,0.061571974,0.08736666666666666,0.005127963,0.0,0.0105049405,0.34950873
EFNA1^EPHA4,EFNA1,EPHA4,0.16912669,0.21776666666666666,0.03981055,0.05868333333333333,0.005117491,0.0,0.010458126,0.38613284
TLN1^ITGB5,TLN1,ITGB5,0.21204461,0.26708333333333334,0.0461282,0.06678333333333333,0.0051092384,0.0,0.010524305,0.35899043
MELTF^TFRC,MELTF,TFRC,0.06488069,0.09153333333333333,0.16203164,0.21505,0.005101681,0.0,0.010200812,0.39162233
APP^AGER,APP,AGER,0.79693526,0.6800833333333334,0.07693995,0.10663333333333333,0.0050900723,0.0,0.010325179,0.40886506
LAMC2^DAG1,LAMC2,DAG1,0.08536476,0.12045,0.28329813,0.34446666666666664,0.005086619,0.0,0.010286657,0.3651867
MIF^ACKR3,MIF,ACKR3,0.64815784,0.5967833333333333,0.1831878,0.22913333333333333,0.005075733,0.0,0.010162013,0.5367308
WNT9A^FZD3_LRP6,WNT9A,FZD3_LRP6,0.03542145,0.05321666666666667,0.06335347,0.1047,0.0050736056,0.0,0.010482251,0.36544466
TNFSF10^RIPK1,TNFSF10,RIPK1,0.1217077,0.1506,0.0403461,0.060583333333333336,0.0050178333,0.0,0.010042187,0.57329106
EFNA3^EPHB6,EFNA3,EPHB6,0.035057705,0.05218333333333333,0.28175825,0.3389666666666667,0.004999263,0.0,0.010398656,0.37173736
EFNB1^EPHA4,EFNB1,EPHA4,0.14746608,0.19625,0.03981055,0.05868333333333333,0.004994688,0.0,0.010402308,0.3795948
ADAM10^TSPAN12,ADAM10,TSPAN12,0.059630286,0.08526666666666667,0.1450112,0.19385,0.0049685705,0.0,0.010061977,0.38010213
CD99^CD81,CD99,CD81,0.17824352,0.23028333333333334,0.45327023,0.48338333333333333,0.0049032923,0.0,0.009804542,0.3921874
FADD^TRAF2,FADD,TRAF2,0.12657057,0.17356666666666667,0.12528622,0.17156666666666667,0.0048822258,0.0,0.009779861,0.34889147
APOE^LRP4,APOE,LRP4,0.8531935,0.6709666666666667,0.06388529,0.08736666666666666,0.0048734173,0.0,0.009643018,0.5335866
SLIT2^GPC1,SLIT2,GPC1,0.0640315,0.0912,0.18997273,0.24468333333333334,0.004847359,0.0,0.009724027,0.36533624
PTPN6^EGFR,PTPN6,EGFR,0.1350798,0.18611666666666668,0.10819267,0.14703333333333332,0.004806071,0.0,0.009649643,0.37311038
APOE^SCARB1,APOE,SCARB1,0.8531935,0.6709666666666667,0.11624975,0.15298333333333333,0.0047588837,0.0,0.0095468415,0.6169119
SLIT2^APP,SLIT2,APP,0.0640315,0.0912,0.79693526,0.6800833333333334,0.0047261696,0.0,0.009498145,0.39998117
SLIT2^PLXNA1,SLIT2,PLXNA1,0.0640315,0.0912,0.06502906,0.09276666666666666,0.004717648,0.0,0.009662735,0.34942818
BMP8B^BMPR1A_BMPR2,BMP8B,BMPR1A_BMPR2,0.038029194,0.055433333333333334,0.055526096,0.09923333333333334,0.0046739755,0.0,0.009853662,0.39516518
CALM1^PTPRA,CALM1,PTPRA,0.09040737,0.1298,0.12446099,0.17055,0.004648129,0.0,0.009327129,0.34633178
SPTBN2^PTPRA,SPTBN2,PTPRA,0.061616965,0.09033333333333333,0.12446099,0.17055,0.004627644,0.0,0.009420767,0.34799325
COL4A5^SDC1,COL4A5,SDC1,0.20932344,0.26121666666666665,0.072289936,0.10475,0.004542115,0.0,0.009138637,0.39626384
MFGE8^ITGB5,MFGE8,ITGB5,0.50677764,0.5184833333333333,0.0461282,0.06678333333333333,0.0045233895,0.0,0.009522012,0.4240784
ADAM10^NRCAM,ADAM10,NRCAM,0.059630286,0.08526666666666667,0.17075373,0.2254,0.004394021,0.0,0.009003978,0.3670468
ST6GAL1^CD22,ST6GAL1,CD22,0.051167883,0.07483333333333334,0.16491078,0.2119,0.004339184,0.0,0.008696698,0.3923493
WNT9A^FZD10_LRP6,WNT9A,FZD10_LRP6,0.03542145,0.05321666666666667,0.058011267,0.09568333333333333,0.0042973347,0.0,0.008860417,0.38662142
TGFA^EGFR_ERBB2,TGFA,EGFR_ERBB2,0.053354,0.07851666666666667,0.10616869,0.14596666666666666,0.004251044,0.0,0.008395185,0.37550202
ADAM17^IL6R,ADAM17,IL6R,0.10988979,0.15166666666666667,0.043142073,0.06361666666666667,0.004223171,0.0,0.008851506,0.35627508
NECTIN1^NECTIN4,NECTIN1,NECTIN4,0.06563307,0.09476666666666667,0.07423664,0.10638333333333333,0.0040468643,0.0,0.008250927,0.37632087
CTHRC1^FZD5,CTHRC1,FZD5,0.12843047,0.16871666666666665,0.15103093,0.20476666666666668,0.004004688,0.0,0.008008815,0.4072821
FARP2^PLXNA2,FARP2,PLXNA2,0.092266396,0.13003333333333333,0.053892147,0.07643333333333334,0.0040017744,0.0,0.008157645,0.36741853
COL2A1^SDC1,COL2A1,SDC1,0.048530977,0.05921666666666667,0.072289936,0.10475,0.0039402456,0.0,0.0079209665,0.39165866
GRN^EGFR,GRN,EGFR,0.29538792,0.34503333333333336,0.10819267,0.14703333333333332,0.0038092283,0.0,0.0076608015,0.40850642
ADAM15^ITGAV,ADAM15,ITGAV,0.1608393,0.21365,0.04399407,0.0641,0.0037815792,0.0,0.007574399,0.34942317
WNT9A^FZD7_LRP6,WNT9A,FZD7_LRP6,0.03542145,0.05321666666666667,0.040571854,0.06933333333333333,0.003767125,0.0,0.0075091952,0.35062686
WNT9A^FZD4_LRP6,WNT9A,FZD4_LRP6,0.03542145,0.05321666666666667,0.03845602,0.0647,0.0037570803,0.0,0.007790769,0.35184222
CTHRC1^ROR2,CTHRC1,ROR2,0.12843047,0.16871666666666665,0.046310212,0.06825,0.0037449177,0.0,0.0076354695,0.37134215
HSPG2^DAG1,HSPG2,DAG1,0.07170774,0.09696666666666667,0.28329813,0.34446666666666664,0.0036683755,0.0,0.0074256766,0.36206836
APP^TSPAN15,APP,TSPAN15,0.79693526,0.6800833333333334,0.07495013,0.10681666666666667,0.0036323026,0.0,0.007352714,0.40380755
GDF15^TGFBR2,GDF15,TGFBR2,0.39171788,0.3989,0.18591969,0.23306666666666667,0.0036231275,0.0,0.0072486876,0.5076241
WNT11^FZD6,WNT11,FZD6,0.1360618,0.1703,0.08956837,0.1276,0.0035894248,0.010000000000000009,0.0072431494,0.48786172
SERPINA1^LRP1,SERPINA1,LRP1,0.065857366,0.08923333333333333,0.30070972,0.34318333333333334,0.003574512,0.0,0.007437699,0.4354357
COL1A2^CD44,COL1A2,CD44,1.7125638,0.8766166666666667,0.07574416,0.09123333333333333,0.0035130007,0.010000000000000009,0.007069853,0.98508674
EFNA1^EPHA2,EFNA1,EPHA2,0.16912669,0.21776666666666666,0.07622101,0.10701666666666666,0.0035091648,0.0,0.0071042553,0.38490972
CLCF1^SORL1,CLCF1,SORL1,0.111517645,0.15336666666666668,0.44545558,0.4734333333333333,0.0035039876,0.0,0.007029312,0.43953496
CCN3^PLXNA1,CCN3,PLXNA1,0.07295445,0.10131666666666667,0.06502906,0.09276666666666666,0.0034909993,0.0,0.0071580955,0.37805137
CXCL12^ITGB1,CXCL12,ITGB1,0.08748657,0.10945,0.17783748,0.22815,0.003431059,0.0,0.006991876,0.47392824
COL4A5^CD47,COL4A5,CD47,0.20932344,0.26121666666666665,0.7002357,0.6234,0.0033687414,0.0,0.0067374366,0.51124614
EFNA4^EPHA4,EFNA4,EPHA4,0.051051542,0.07416666666666667,0.03981055,0.05868333333333333,0.0033485065,0.0,0.006847906,0.34768274
ADAM10^TSPAN14,ADAM10,TSPAN14,0.059630286,0.08526666666666667,0.15227287,0.20378333333333334,0.0033461074,0.0,0.0068813656,0.33540505
ADAM17^RHBDF2,ADAM17,RHBDF2,0.10988979,0.15166666666666667,0.09254434,0.12933333333333333,0.0033194905,0.0,0.006698448,0.34427688
CXCL12^ITGAV,CXCL12,ITGAV,0.08748657,0.10945,0.04399407,0.0641,0.0032692302,0.0,0.0066044,0.45256773
ANGPTL4^SDC3,ANGPTL4,SDC3,0.09024855,0.11638333333333334,0.10908727,0.1472,0.0032446603,0.0,0.0065440484,0.4006563
ADAM10^CADM1,ADAM10,CADM1,0.059630286,0.08526666666666667,0.16996741,0.21985,0.0031848461,0.0,0.0065624295,0.36659667
EFNA3^EPHA4,EFNA3,EPHA4,0.035057705,0.05218333333333333,0.03981055,0.05868333333333333,0.003153873,0.0,0.006677647,0.34780413
ITGAV^THY1,ITGAV,THY1,0.04399407,0.0641,0.38447782,0.40513333333333335,0.003118096,0.0,0.0063420744,0.5038056
NUCB2^ERAP1,NUCB2,ERAP1,0.15345661,0.20381666666666667,0.037269812,0.05238333333333333,0.0030344552,0.0,0.006415946,0.35083932
ADAM10^IL6R,ADAM10,IL6R,0.059630286,0.08526666666666667,0.043142073,0.06361666666666667,0.003012646,0.0,0.005942085,0.35296625
LAMB1^DAG1,LAMB1,DAG1,0.114201464,0.11055,0.28329813,0.34446666666666664,0.00289816,0.0,0.005795469,0.6645423
AGRN^ITGB1,AGRN,ITGB1,0.7036076,0.6390333333333333,0.17783748,0.22815,0.0028272343,0.020000000000000018,0.0056524044,0.4316205
ADAM10^TSPAN15,ADAM10,TSPAN15,0.059630286,0.08526666666666667,0.07495013,0.10681666666666667,0.0027807022,0.0,0.0057463986,0.33660224
CDH1^EGFR,CDH1,EGFR,0.20450613,0.26721666666666666,0.10819267,0.14703333333333332,0.0026416166,0.010000000000000009,0.0053199283,0.38421598
ADAM10^GPNMB,ADAM10,GPNMB,0.059630286,0.08526666666666667,0.08857782,0.1181,0.0025686282,0.0,0.0052026976,0.42083043
LRPAP1^LRP1,LRPAP1,LRP1,0.5339284,0.53845,0.30070972,0.34318333333333334,0.0024989096,0.0,0.004998503,0.4504821
TGFB2^ACVR1B_TGFBR2,TGFB2,ACVR1B_TGFBR2,0.06739903,0.0939,0.03921835,0.07215,0.0024825288,0.020000000000000018,0.0051131574,0.35800183
EFNB3^RHBDL2,EFNB3,RHBDL2,0.052919246,0.07795,0.086375654,0.11675,0.0024597463,0.0,0.005120983,0.4342185
FARP2^PLXNA3,FARP2,PLXNA3,0.092266396,0.13003333333333333,0.0883209,0.12335,0.00236996,0.020000000000000018,0.0048421538,0.35011253
TXLNA^STX1A,TXLNA,STX1A,0.20734899,0.26265,0.044951085,0.06585,0.0023571122,0.010000000000000009,0.0049309037,0.33605286
CX3CL1^ITGAV,CX3CL1,ITGAV,0.09123533,0.1266,0.04399407,0.0641,0.002351351,0.010000000000000009,0.0048310035,0.35070252
WNT5A^FZD2,WNT5A,FZD2,0.04661613,0.05591666666666667,0.043105327,0.06233333333333333,0.0023210598,0.0,0.0047040093,0.43040165
LRIG2^EGFR,LRIG2,EGFR,0.1270528,0.17206666666666667,0.10819267,0.14703333333333332,0.0022960634,0.0,0.0046285,0.36570373
ADAM17^ITGB1,ADAM17,ITGB1,0.10988979,0.15166666666666667,0.17783748,0.22815,0.002291343,0.020000000000000018,0.0046026534,0.35998255
TXLNA^STX4,TXLNA,STX4,0.20734899,0.26265,0.18975218,0.24555,0.0022449773,0.0,0.004488868,0.3492994
EFEMP2^PLSCR4,EFEMP2,PLSCR4,0.09114933,0.12231666666666667,0.039855395,0.054966666666666664,0.0022053178,0.010000000000000009,0.0045262706,0.35156235
NECTIN3^CADM1,NECTIN3,CADM1,0.07052969,0.09936666666666667,0.16996741,0.21985,0.0021767193,0.07999999999999996,0.004437409,0.38833264
RTN4^RTN4R,RTN4,RTN4R,0.22277068,0.2824333333333333,0.0742154,0.10725,0.0021501177,0.040000000000000036,0.004450689,0.35426423
EFNA3^EPHA2,EFNA3,EPHA2,0.035057705,0.05218333333333333,0.07622101,0.10701666666666666,0.00214516,0.0,0.0045098155,0.34709284
FN1^IL17RC,FN1,IL17RC,0.07095254,0.06281666666666667,0.042868253,0.06171666666666667,0.0021236953,0.010000000000000009,0.0037268817,0.5700041
EFNA4^EPHA2,EFNA4,EPHA2,0.051051542,0.07416666666666667,0.07622101,0.10701666666666666,0.0021149819,0.030000000000000027,0.004322359,0.33230075
RGMB^NEO1,RGMB,NEO1,0.062953755,0.08651666666666667,0.25999188,0.31935,0.0020965696,0.08999999999999997,0.00453134,0.38386816
SEMA5B^PLXNA1,SEMA5B,PLXNA1,0.19122282,0.23825,0.06502906,0.09276666666666666,0.0020699874,0.010000000000000009,0.0043069837,0.43480012
FGF18^FGFR3,FGF18,FGFR3,0.08780919,0.12461666666666667,0.08639095,0.12286666666666667,0.0020616332,0.0,0.0042241616,0.36867788
FARP2^PLXNA1,FARP2,PLXNA1,0.092266396,0.13003333333333333,0.06502906,0.09276666666666666,0.002056437,0.0,0.0040939725,0.33395725
NTN1^UNC5B,NTN1,UNC5B,0.07124025,0.10163333333333334,0.06477111,0.08995,0.0020468105,0.0,0.0042349817,0.3675568
GNAI2^PTPRU,GNAI2,PTPRU,0.13391422,0.17841666666666667,0.06304688,0.09051666666666666,0.0020177693,0.0,0.0039643785,0.35258818
JAG1^NOTCH2,JAG1,NOTCH2,0.037382606,0.051616666666666665,0.17976236,0.23445,0.0020010974,0.050000000000000044,0.0047855163,0.36245856
FADD^ABCA1,FADD,ABCA1,0.12657057,0.17356666666666667,0.13524368,0.17878333333333332,0.001970712,0.030000000000000027,0.003941255,0.38540664
LAMA4^DAG1,LAMA4,DAG1,0.07981803,0.07368333333333334,0.28329813,0.34446666666666664,0.0019627537,0.010000000000000009,0.003963384,0.6674444
APP^NOTCH2,APP,NOTCH2,0.79693526,0.6800833333333334,0.17976236,0.23445,0.0019576969,0.10999999999999999,0.003914212,0.4239396
VCL^ITGB5,VCL,ITGB5,0.29537877,0.35273333333333334,0.0461282,0.06678333333333333,0.0018391156,0.06000000000000005,0.0040578526,0.36963138
TXLNA^STX3,TXLNA,STX3,0.20734899,0.26265,0.09937505,0.13788333333333333,0.0018177269,0.12,0.003707884,0.34797987
TNFSF10^TNFRSF10B,TNFSF10,TNFRSF10B,0.1217077,0.1506,0.07769647,0.10275,0.0018159621,0.09999999999999998,0.003840778,0.46582362
RGMB^BMPR2,RGMB,BMPR2,0.062953755,0.08651666666666667,0.23645577,0.29633333333333334,0.0017643654,0.12,0.0039848536,0.3535283
EFNB3^EPHA4,EFNB3,EPHA4,0.052919246,0.07795,0.03981055,0.05868333333333333,0.0016991658,0.18000000000000005,0.0037806372,0.34762526
BMP1^BMPR2,BMP1,BMPR2,0.063117065,0.0797,0.23645577,0.29633333333333334,0.0016909483,0.12,0.00375179,0.38530308
FABP5^RXRA,FABP5,RXRA,0.04081411,0.05868333333333333,0.121064514,0.16286666666666666,0.001677795,0.09999999999999998,0.0036065031,0.34068447
TGFB2^ACVR1_TGFBR2,TGFB2,ACVR1_TGFBR2,0.06739903,0.0939,0.036803145,0.06731666666666666,0.0016639929,0.050000000000000044,0.0033695886,0.3459079
EFNA3^EPHA1,EFNA3,EPHA1,0.035057705,0.05218333333333333,0.25148553,0.30473333333333336,0.0016166284,0.18000000000000005,0.0039013994,0.41467103
NCAM1^ROBO3,NCAM1,ROBO3,0.21298583,0.2693333333333333,0.063137345,0.08846666666666667,0.0015977471,0.050000000000000044,0.00335744,0.3862207
WNT5A^LRP5,WNT5A,LRP5,0.04661613,0.05591666666666667,0.17156333,0.22586666666666666,0.0015197638,0.18000000000000005,0.003195697,0.42998368
WNT7A^FZD4_LRP6,WNT7A,FZD4_LRP6,0.05768167,0.08286666666666667,0.03845602,0.0647,0.0014869727,0.06000000000000005,0.0032438457,0.36215246
LAMA1^CD44,LAMA1,CD44,0.087166004,0.1176,0.07574416,0.09123333333333333,0.0014818578,0.07999999999999996,0.0029705348,0.44759417
ADAM10^TSPAN17,ADAM10,TSPAN17,0.059630286,0.08526666666666667,0.072862804,0.1061,0.0014795627,0.08999999999999997,0.0031017386,0.33527216
PDGFB^ITGAV,PDGFB,ITGAV,0.042184908,0.05461666666666667,0.04399407,0.0641,0.0014769174,0.030000000000000027,0.0032763777,0.35468638
GNAI2^UNC5B,GNAI2,UNC5B,0.13391422,0.17841666666666667,0.06477111,0.08995,0.0014665056,0.36,0.0029145614,0.36156082
GNAI2^EGFR,GNAI2,EGFR,0.13391422,0.17841666666666667,0.10819267,0.14703333333333332,0.0014662874,0.13,0.0029498574,0.36185548
MXRA5^MFAP3L,MXRA5,MFAP3L,0.123324044,0.17063333333333333,0.07542223,0.10815,0.0013959572,0.14,0.0028357112,0.37972477
WNT5A^RYK,WNT5A,RYK,0.04661613,0.05591666666666667,0.10205447,0.14128333333333334,0.0013542451,0.17000000000000004,0.003017355,0.41369316
WNT11^FZD5,WNT11,FZD5,0.1360618,0.1703,0.15103093,0.20476666666666668,0.0013435917,0.13,0.0026892535,0.51585233
GNAI2^S1PR3,GNAI2,S1PR3,0.13391422,0.17841666666666667,0.07566818,0.10566666666666667,0.0012851126,0.08999999999999997,0.0026046184,0.3574024
ANGPTL4^SDC1,ANGPTL4,SDC1,0.09024855,0.11638333333333334,0.072289936,0.10475,0.0012244144,0.55,0.0024941391,0.4150132
WNT5A^FZD7,WNT5A,FZD7,0.04661613,0.05591666666666667,0.06562244,0.09401666666666667,0.0011974782,0.010000000000000009,0.0028985715,0.43451038
AGRN^LRP1,AGRN,LRP1,0.7036076,0.6390333333333333,0.30070972,0.34318333333333334,0.001172258,0.31999999999999995,0.002344029,0.48839658
ADAM9^ITGA3,ADAM9,ITGA3,0.05002486,0.06886666666666667,0.11982953,0.15988333333333332,0.0011485436,0.28,0.0026294375,0.38899836
COL9A2^CD44,COL9A2,CD44,0.26586846,0.3179166666666667,0.07574416,0.09123333333333333,0.001136389,0.020000000000000018,0.0026083784,0.46679908
ST6GAL1^EGFR,ST6GAL1,EGFR,0.051167883,0.07483333333333334,0.10819267,0.14703333333333332,0.0010795061,0.39,0.0022412413,0.3695999
S100A4^ERBB3,S100A4,ERBB3,0.35689667,0.3834666666666667,0.67373854,0.6106666666666667,0.0010016748,0.6799999999999999,0.002002724,0.6087163
COL4A2^ITGB5,COL4A2,ITGB5,0.5233991,0.47276666666666667,0.0461282,0.06678333333333333,0.00096835603,0.30000000000000004,0.0017582992,0.5198681
ADAM9^ITGA6,ADAM9,ITGA6,0.05002486,0.06886666666666667,0.045920454,0.06746666666666666,0.00094937836,0.27,0.0018354169,0.34539738
CCN2^FGFR2,CCN2,FGFR2,0.6555796,0.48738333333333334,0.13725807,0.18206666666666665,0.00093737466,0.10999999999999999,0.0018737627,0.90349096
RGMB^BMPR1B,RGMB,BMPR1B,0.062953755,0.08651666666666667,0.12273839,0.16696666666666668,0.0008585286,0.26,0.0020858047,0.35971308
GAD1^GRM4,GAD1,GRM4,0.06990695,0.1008,0.03958083,0.05415,0.0008379564,0.24,0.0017171197,0.48031276
WNT5A^FZD4,WNT5A,FZD4,0.04661613,0.05591666666666667,0.06550347,0.09038333333333333,0.000834574,0.24,0.0017484602,0.4047877
ADO^ADORA1,ADO,ADORA1,0.061803922,0.08943333333333334,0.046452343,0.06875,0.00076328823,0.21999999999999997,0.0018090981,0.32236212
SNCA^LAG3,SNCA,LAG3,0.042091746,0.056916666666666664,0.04136054,0.05801666666666667,0.0007365373,0.29000000000000004,0.0017259042,0.3353079
LTBP1^ITGB5,LTBP1,ITGB5,0.04260224,0.06251666666666666,0.0461282,0.06678333333333333,0.0007246456,0.14,0.001731235,0.33734438
TGS1^RXRA,TGS1,RXRA,0.063529186,0.08958333333333333,0.121064514,0.16286666666666666,0.00068956177,0.4,0.001436019,0.33361
COL6A1^ITGA6,COL6A1,ITGA6,0.69208837,0.5754333333333334,0.045920454,0.06746666666666666,0.0006687458,0.22999999999999998,0.00072790036,0.58504695
COL18A1^GPC1,COL18A1,GPC1,1.1007198,0.7915166666666666,0.18997273,0.24468333333333334,0.000505452,0.45999999999999996,0.0010109516,0.46620554
ADAM17^NOTCH1,ADAM17,NOTCH1,0.10988979,0.15166666666666667,0.06374337,0.0857,0.00049412233,0.43000000000000005,0.0010581961,0.34432423
ADAM9^ITGAV,ADAM9,ITGAV,0.05002486,0.06886666666666667,0.04399407,0.0641,0.0003072825,0.44999999999999996,0.0011910924,0.34193048
JAG1^CD46,JAG1,CD46,0.037382606,0.051616666666666665,0.33685198,0.3912,0.00027613257,0.61,0.0016666395,0.34170386
PSEN1^NOTCH1,PSEN1,NOTCH1,0.24068008,0.30243333333333333,0.06374337,0.0857,0.000118243086,0.45999999999999996,0.00045967713,0.3639497
GNAI2^ADORA1,GNAI2,ADORA1,0.13391422,0.17841666666666667,0.046452343,0.06875,0.000114294,0.62,0.00041926588,0.3302774
ADAM10^CD44,ADAM10,CD44,0.059630286,0.08526666666666667,0.07574416,0.09123333333333333,7.5787204e-05,0.5700000000000001,0.0002360562,0.39989895
CCN2^IGF2R,CCN2,IGF2R,0.6555796,0.48738333333333334,0.0660903,0.09491666666666666,7.208539e-05,0.77,0.00032565193,0.76463586
TGFB2^ENG,TGFB2,ENG,0.06739903,0.0939,0.16600344,0.15085,-4.4643995e-05,0.52,-0.00030144144,0.6223022
LGALS8^ITGA3,LGALS8,ITGA3,0.055027872,0.0748,0.11982953,0.15988333333333332,-9.7999415e-05,0.41000000000000003,0.00037349903,0.38283983
YBX1^NOTCH1,YBX1,NOTCH1,1.0604545,0.7691166666666667,0.06374337,0.0857,-0.00010420549,0.5,0.00040149826,0.5041539
ENTPD1^ADORA1,ENTPD1,ADORA1,0.042788617,0.05561666666666667,0.046452343,0.06875,-0.00013377644,0.48,-0.00016413651,0.33803463
ADAM9^ITGB5,ADAM9,ITGB5,0.05002486,0.06886666666666667,0.0461282,0.06678333333333333,-0.00013514096,0.77,6.493325e-05,0.33306745
LIN7C^ABCA1,LIN7C,ABCA1,0.07558492,0.10733333333333334,0.13524368,0.17878333333333332,-0.00015446523,0.43000000000000005,-0.00023122337,0.36600664
HSPG2^SDC1,HSPG2,SDC1,0.07170774,0.09696666666666667,0.072289936,0.10475,-0.00033689366,0.64,-0.00069895136,0.34330612
GRN^SORT1,GRN,SORT1,0.29538792,0.34503333333333336,0.39675283,0.4414666666666667,-0.00033946798,0.96,-0.0006788866,0.46625793
WNT5A^ROR1,WNT5A,ROR1,0.04661613,0.05591666666666667,0.08283381,0.117,-0.00050691434,0.81,-0.00058794377,0.41589954
LAMA1^GPC1,LAMA1,GPC1,0.087166004,0.1176,0.18997273,0.24468333333333334,-0.00057108904,0.92,-0.0011425749,0.3715876
FSTL1^DIP2A,FSTL1,DIP2A,0.23308082,0.25916666666666666,0.13121673,0.17573333333333332,-0.0005986618,0.96,-0.0011939215,0.50977117
CXCL12^ACKR3,CXCL12,ACKR3,0.08748657,0.10945,0.1831878,0.22913333333333333,-0.0006260812,0.88,-0.0010422873,0.4834117
WNT5A^ROR2,WNT5A,ROR2,0.04661613,0.05591666666666667,0.046310212,0.06825,-0.0006630469,0.74,-0.001198271,0.41365376
CALR^LRP1,CALR,LRP1,0.8438847,0.69875,0.30070972,0.34318333333333334,-0.00069517485,1.0,-0.0013906454,0.52238864
CTHRC1^FZD3,CTHRC1,FZD3,0.12843047,0.16871666666666665,0.10069914,0.1394,-0.00072509283,0.89,-0.0014374834,0.39506394
LAMA3^SDC2,LAMA3,SDC2,0.078100145,0.1094,0.050996896,0.060033333333333334,-0.00073597056,0.8,-0.0010225208,0.420006
F10^F3,F10,F3,0.039863255,0.057833333333333334,0.09290786,0.12031666666666667,-0.00076876953,0.94,-0.0013640573,0.36445233
VEGFB^NRP1,VEGFB,NRP1,0.116657935,0.15995,0.079598255,0.08506666666666667,-0.0008771079,0.9,-0.0015210997,0.54292995
ADAM10^NOTCH1,ADAM10,NOTCH1,0.059630286,0.08526666666666667,0.06374337,0.0857,-0.0008870805,0.81,-0.0015437456,0.3243357
NECTIN3^NECTIN2,NECTIN3,NECTIN2,0.07052969,0.09936666666666667,0.4180705,0.45436666666666664,-0.000981193,1.0,-0.0017840721,0.38919505
LGALS3^MCAM,LGALS3,MCAM,0.20671439,0.25801666666666667,0.09970128,0.12481666666666667,-0.001021955,0.98,-0.0019604703,0.43445975
CCN3^NOTCH1,CCN3,NOTCH1,0.07295445,0.10131666666666667,0.06374337,0.0857,-0.0012774084,0.97,-0.002512331,0.36018863
COL6A1^SDC1,COL6A1,SDC1,0.69208837,0.5754333333333334,0.072289936,0.10475,-0.0015244157,0.89,-0.0029093649,0.5456208
GNAI2^LPAR3,GNAI2,LPAR3,0.13391422,0.17841666666666667,0.21146454,0.26425,-0.0015431539,0.99,-0.0030842533,0.44874126
LGALS3^LAG3,LGALS3,LAG3,0.20671439,0.25801666666666667,0.04136054,0.05801666666666667,-0.001638012,1.0,-0.0025540139,0.3893197
TGM2^ITGB1,TGM2,ITGB1,0.20695424,0.2518,0.17783748,0.22815,-0.0019031395,1.0,-0.0038052294,0.43860412
CGN^TGFBR2,CGN,TGFBR2,0.30963147,0.3667166666666667,0.18591969,0.23306666666666667,-0.0019076933,0.98,-0.0038148651,0.40471062
TGFB2^TGFBR3,TGFB2,TGFBR3,0.06739903,0.0939,0.06676675,0.09423333333333334,-0.002030802,0.99,-0.0039256774,0.36858994
PDGFB^ADGRV1,PDGFB,ADGRV1,0.042184908,0.05461666666666667,0.07330926,0.10638333333333333,-0.0021245847,0.97,-0.0038410663,0.33267197
FAM3C^LIFR,FAM3C,LIFR,0.6185579,0.58585,0.044321425,0.060533333333333335,-0.0021970219,1.0,-0.0029226786,0.44920406
WNT5A^PTK7,WNT5A,PTK7,0.04661613,0.05591666666666667,0.3884111,0.43395,-0.002242141,1.0,-0.0037949267,0.45027462
COL2A1^DDR1,COL2A1,DDR1,0.048530977,0.05921666666666667,1.0570619,0.7705666666666666,-0.0025679446,0.9299999999999999,-0.004647754,0.5138489
SDC2^PTPRJ,SDC2,PTPRJ,0.050996896,0.060033333333333334,0.09000978,0.12663333333333332,-0.0025948698,1.0,-0.0047596237,0.41356945
ADAM15^ITGA9,ADAM15,ITGA9,0.1608393,0.21365,0.07305029,0.08248333333333334,-0.0026252316,0.99,-0.0049663545,0.46758053
EFNA1^EPHA1,EFNA1,EPHA1,0.16912669,0.21776666666666666,0.25148553,0.30473333333333336,-0.002676667,1.0,-0.005356602,0.4508633
MFAP2^NOTCH1,MFAP2,NOTCH1,0.6554662,0.5977166666666667,0.06374337,0.0857,-0.0027960138,1.0,-0.0051083006,0.49152017
SLPI^PLSCR4,SLPI,PLSCR4,0.9724504,0.68805,0.039855395,0.054966666666666664,-0.0028608409,1.0,-0.004059143,0.6585411
APOE^LDLR,APOE,LDLR,0.8531935,0.6709666666666667,0.37404573,0.39968333333333333,-0.0028899715,1.0,-0.0057788533,0.6586682
C3^IFITM1,C3,IFITM1,0.16144842,0.18345,0.06257836,0.08733333333333333,-0.0030252137,1.0,-0.005975143,0.5385739
NTN1^MCAM,NTN1,MCAM,0.07124025,0.10163333333333334,0.09970128,0.12481666666666667,-0.0031830536,1.0,-0.0062214383,0.39053762
COL1A2^SDC1,COL1A2,SDC1,1.7125638,0.8766166666666667,0.072289936,0.10475,-0.0031899684,1.0,-0.006060692,0.6860917
S100A9^AGER,S100A9,AGER,0.13434787,0.11655,0.07693995,0.10663333333333333,-0.0032422894,1.0,-0.0064079966,0.5655633
CALM3^AR,CALM3,AR,0.11945049,0.159,0.07247668,0.09946666666666666,-0.0032650759,1.0,-0.006406967,0.37564173
LTBP3^ITGB5,LTBP3,ITGB5,0.5985354,0.57785,0.0461282,0.06678333333333333,-0.0033925585,1.0,-0.0060912785,0.40711734
NECTIN3^PVR,NECTIN3,PVR,0.07052969,0.09936666666666667,0.038062643,0.05188333333333333,-0.0034404686,1.0,-0.006436531,0.3472919
APP^TSPAN12,APP,TSPAN12,0.79693526,0.6800833333333334,0.1450112,0.19385,-0.00346222,1.0,-0.0069262106,0.4420045
SLC6A8^LIFR,SLC6A8,LIFR,0.24243772,0.30455,0.044321425,0.060533333333333335,-0.003530392,1.0,-0.006250493,0.37722433
GDF11^ANTXR1,GDF11,ANTXR1,0.34140033,0.39125,0.20269054,0.24325,-0.0037747934,1.0,-0.0075449524,0.50810534
CALM3^ESR1,CALM3,ESR1,0.11945049,0.159,0.12847964,0.17485,-0.00406687,1.0,-0.008067077,0.37328675
CALM3^EGFR,CALM3,EGFR,0.11945049,0.159,0.10819267,0.14703333333333332,-0.0041171615,1.0,-0.008180647,0.36653218
VEGFA^ITGB1,VEGFA,ITGB1,0.32484362,0.36878333333333335,0.17783748,0.22815,-0.0041234395,1.0,-0.008245735,0.47981942
CALM3^AQP6,CALM3,AQP6,0.11945049,0.159,0.11756072,0.16105,-0.004250141,1.0,-0.008472895,0.37778893
PSEN1^CD44,PSEN1,CD44,0.24068008,0.30243333333333333,0.07574416,0.09123333333333333,-0.0043164818,1.0,-0.0083432365,0.4293187
WNT5A^VANGL2,WNT5A,VANGL2,0.04661613,0.05591666666666667,0.09861768,0.13843333333333332,-0.0043556457,1.0,-0.008282312,0.39128628
SEMA3F^NRP1,SEMA3F,NRP1,0.17467399,0.22608333333333333,0.079598255,0.08506666666666667,-0.0043683797,1.0,-0.008628716,0.4986254
VEGFA^CD44,VEGFA,CD44,0.32484362,0.36878333333333335,0.07574416,0.09123333333333333,-0.004628496,1.0,-0.0089858,0.5088652
ERFE^LRP1,ERFE,LRP1,0.06972838,0.10003333333333334,0.30070972,0.34318333333333334,-0.0046615647,1.0,-0.009293594,0.39409187
TNFSF13^SDC2,TNFSF13,SDC2,0.13263714,0.17958333333333334,0.050996896,0.060033333333333334,-0.004849121,1.0,-0.009529647,0.43445027
NTN1^NEO1,NTN1,NEO1,0.07124025,0.10163333333333334,0.25999188,0.31935,-0.0053438074,1.0,-0.010504981,0.39759794
SERTAD1^AR,SERTAD1,AR,0.041626625,0.05895,0.07247668,0.09946666666666666,-0.0057241386,1.0,-0.011083094,0.35773695
LAMA1^SDC4,LAMA1,SDC4,0.087166004,0.1176,0.3713106,0.41308333333333336,-0.0060031563,1.0,-0.011994358,0.46263498
COL6A2^SDC1,COL6A2,SDC1,0.43912205,0.36925,0.072289936,0.10475,-0.006027991,1.0,-0.011987607,0.5727072
BMP8B^PLAUR,BMP8B,PLAUR,0.038029194,0.055433333333333334,0.050655294,0.06403333333333333,-0.0061510014,1.0,-0.012095349,0.37818718
TIMP1^CD63,TIMP1,CD63,0.7573497,0.6331833333333333,1.1195935,0.7909166666666667,-0.00618977,1.0,-0.01238289,0.7425501
BMP1^BMPR1B,BMP1,BMPR1B,0.063117065,0.0797,0.12273839,0.16696666666666668,-0.00624811,1.0,-0.011984892,0.3660259
CCN2^ERBB4,CCN2,ERBB4,0.6555796,0.48738333333333334,0.09081395,0.1251,-0.0063380767,1.0,-0.012700933,0.8894013
FN1^ITGA6,FN1,ITGA6,0.07095254,0.06281666666666667,0.045920454,0.06746666666666666,-0.006458195,1.0,-0.014132661,0.50761557
WNT5A^FZD3,WNT5A,FZD3,0.04661613,0.05591666666666667,0.10069914,0.1394,-0.006608545,1.0,-0.012947768,0.39561152
WNT5A^FZD6,WNT5A,FZD6,0.04661613,0.05591666666666667,0.08956837,0.1276,-0.006719591,1.0,-0.0129497275,0.37690902
PSAP^AR,PSAP,AR,0.99639356,0.75465,0.07247668,0.09946666666666666,-0.007126177,1.0,-0.01391116,0.46097732
WNT11^FZD4,WNT11,FZD4,0.1360618,0.1703,0.06550347,0.09038333333333333,-0.0071470714,1.0,-0.014219948,0.44076774
PKM^CD44,PKM,CD44,0.5886978,0.57265,0.07574416,0.09123333333333333,-0.0073826537,1.0,-0.0142764095,0.5035529
WNT5A^FZD5,WNT5A,FZD5,0.04661613,0.05591666666666667,0.15103093,0.20476666666666668,-0.0074191564,1.0,-0.014209425,0.41637853
C1QB^C1QBP,C1QB,C1QBP,0.06940659,0.06961666666666666,0.09856754,0.13963333333333333,-0.007429618,1.0,-0.014606079,0.46636084
COL4A2^SDC1,COL4A2,SDC1,0.5233991,0.47276666666666667,0.072289936,0.10475,-0.0077116764,1.0,-0.015285256,0.5104423
BMP1^BMPR1A,BMP1,BMPR1A,0.063117065,0.0797,0.19152679,0.25043333333333334,-0.0077528134,1.0,-0.01481835,0.3717795
APOE^LRP6,APOE,LRP6,0.8531935,0.6709666666666667,0.5923134,0.5776166666666667,-0.007858664,1.0,-0.015721356,0.6286638
LRIG1^EGFR,LRIG1,EGFR,0.23940684,0.28121666666666667,0.10819267,0.14703333333333332,-0.007879532,1.0,-0.0157644,0.4952266
TGFA^ERBB4,TGFA,ERBB4,0.053354,0.07851666666666667,0.09081395,0.1251,-0.008363231,1.0,-0.016509661,0.38547432
DKK3^KREMEN1,DKK3,KREMEN1,0.0717619,0.0707,0.12767342,0.17401666666666665,-0.009567945,1.0,-0.018881382,0.45798466
COL4A1^SDC1,COL4A1,SDC1,0.39930317,0.32116666666666666,0.072289936,0.10475,-0.010183744,1.0,-0.020280138,0.56322765
ANGPTL4^SDC4,ANGPTL4,SDC4,0.09024855,0.11638333333333334,0.3713106,0.41308333333333336,-0.01041521,1.0,-0.020702679,0.509946
FN1^SDC1,FN1,SDC1,0.07095254,0.06281666666666667,0.072289936,0.10475,-0.011590448,1.0,-0.023028871,0.4607964
APOE^LRP8,APOE,LRP8,0.8531935,0.6709666666666667,0.097259626,0.13536666666666666,-0.0115923835,1.0,-0.023088688,0.56540394
MIF^CD44_CD74,MIF,CD44_CD74,0.64815784,0.5967833333333333,0.05775075,0.07695,-0.012500378,1.0,-0.024282215,0.5276898
COL4A5^CD44,COL4A5,CD44,0.20932344,0.26121666666666665,0.07574416,0.09123333333333333,-0.012773014,1.0,-0.025304863,0.42541337
DCN^EGFR,DCN,EGFR,0.15854694,0.12866666666666668,0.10819267,0.14703333333333332,-0.01303235,1.0,-0.026027584,0.69458216
C3^CD81,C3,CD81,0.16144842,0.18345,0.45327023,0.48338333333333333,-0.013959899,1.0,-0.02790553,0.5560095
MIF^TNFRSF14,MIF,TNFRSF14,0.64815784,0.5967833333333333,0.062033042,0.08288333333333334,-0.014748143,1.0,-0.0290636,0.48083818
CCN2^LRP6,CCN2,LRP6,0.6555796,0.48738333333333334,0.5923134,0.5776166666666667,-0.015083042,1.0,-0.030165011,0.8746907
WNT5A^FZD10,WNT5A,FZD10,0.04661613,0.05591666666666667,0.09426845,0.13018333333333335,-0.015625825,1.0,-0.030723743,0.39567327
COL1A1^SDC1,COL1A1,SDC1,0.8601111,0.4845333333333333,0.072289936,0.10475,-0.015694896,1.0,-0.031298418,0.7163098
C3^NRP1,C3,NRP1,0.16144842,0.18345,0.079598255,0.08506666666666667,-0.016215237,1.0,-0.0322805,0.5301598
CP^SLC40A1,CP,SLC40A1,1.235368,0.7881666666666667,0.14321144,0.18133333333333335,-0.016250715,1.0,-0.03244796,0.8457034
LAMC1^CD44,LAMC1,CD44,0.8374309,0.6937666666666666,0.07574416,0.09123333333333333,-0.016293159,1.0,-0.032131404,0.5539881
WNT5A^LRP6,WNT5A,LRP6,0.04661613,0.05591666666666667,0.5923134,0.5776166666666667,-0.017065894,1.0,-0.033062167,0.52491593
COL18A1^ITGA3,COL18A1,ITGA3,1.1007198,0.7915166666666666,0.11982953,0.15988333333333332,-0.017217867,1.0,-0.0344228,0.5166872
COL6A3^SDC1,COL6A3,SDC1,0.39986977,0.2552333333333333,0.072289936,0.10475,-0.017387632,1.0,-0.03472345,0.67308754
MDK^LRP1,MDK,LRP1,1.817091,0.9025166666666666,0.30070972,0.34318333333333334,-0.01770101,1.0,-0.03540285,0.78396624
WNT5A^PTPRK,WNT5A,PTPRK,0.04661613,0.05591666666666667,0.3996548,0.44416666666666665,-0.018450974,1.0,-0.035994302,0.49020576
APOA1^LRP1,APOA1,LRP1,0.5310762,0.5053666666666666,0.30070972,0.34318333333333334,-0.020037808,1.0,-0.040076118,0.6220278
COL18A1^GPC4,COL18A1,GPC4,1.1007198,0.7915166666666666,0.17982703,0.2211,-0.020124767,1.0,-0.04023456,0.59055835
LAMA5^CD44,LAMA5,CD44,1.1172456,0.7873833333333333,0.07574416,0.09123333333333333,-0.02144575,1.0,-0.04213894,0.6378572
TGM2^ITGA9,TGM2,ITGA9,0.20695424,0.2518,0.07305029,0.08248333333333334,-0.021643745,1.0,-0.043041617,0.4939201
CCN1^SDC4,CCN1,SDC4,0.477936,0.41501666666666664,0.3713106,0.41308333333333336,-0.021812588,1.0,-0.043627445,0.8207976
VEGFA^NRP1,VEGFA,NRP1,0.32484362,0.36878333333333335,0.079598255,0.08506666666666667,-0.024890693,1.0,-0.049465448,0.5576147
LGALS3^ENG,LGALS3,ENG,0.20671439,0.25801666666666667,0.16600344,0.15085,-0.028842798,1.0,-0.05769228,0.54293066
TIMP1^FGFR2,TIMP1,FGFR2,0.7573497,0.6331833333333333,0.13725807,0.18206666666666665,-0.028935146,1.0,-0.057883635,0.54599464
DCN^ERBB4,DCN,ERBB4,0.15854694,0.12866666666666668,0.09081395,0.1251,-0.029283281,1.0,-0.058577463,0.5287378
IGFBP4^LRP6,IGFBP4,LRP6,0.17024529,0.19766666666666666,0.5923134,0.5776166666666667,-0.029819798,1.0,-0.059643142,0.5779528
VEGFA^ITGA9,VEGFA,ITGA9,0.32484362,0.36878333333333335,0.07305029,0.08248333333333334,-0.03208956,1.0,-0.063839756,0.50580585
MDK^SDC2,MDK,SDC2,1.817091,0.9025166666666666,0.050996896,0.060033333333333334,-0.037860528,1.0,-0.07267348,0.93807304
APOE^SORL1,APOE,SORL1,0.8531935,0.6709666666666667,0.44545558,0.4734333333333333,-0.041572787,1.0,-0.083138704,0.66972
COL14A1^CD44,COL14A1,CD44,0.5862786,0.5472333333333333,0.07574416,0.09123333333333333,-0.04545795,1.0,-0.09036001,0.60893214
BMP7^ENG,BMP7,ENG,0.3308056,0.38325,0.16600344,0.15085,-0.0485822,1.0,-0.097155504,0.61679685
CXCL12^CXCR4,CXCL12,CXCR4,0.08748657,0.10945,0.6211684,0.55665,-0.05037519,1.0,-0.1003547,0.6438885
COL5A2^DDR1,COL5A2,DDR1,0.064592324,0.06856666666666666,1.0570619,0.7705666666666666,-0.05771141,1.0,-0.11440378,0.85738564
COL4A1^CD47,COL4A1,CD47,0.39930317,0.32116666666666666,0.7002357,0.6234,-0.07650775,1.0,-0.15304641,0.7498368
COL3A1^DDR1,COL3A1,DDR1,0.5431885,0.3263333333333333,1.0570619,0.7705666666666666,-0.13515164,1.0,-0.27030754,1.202509
COL1A1^DDR1,COL1A1,DDR1,0.8601111,0.4845333333333333,1.0570619,0.7705666666666666,-0.13719696,1.0,-0.27439988,1.2212932
